1,nomask,02-12-2022, 16:22:12
1,nomask,02-12-2022, 16:22:14
1,nomask,02-12-2022, 16:22:14
1,nomask,02-12-2022, 16:22:15
1,nomask,02-12-2022, 16:22:15
1,nomask,02-12-2022, 16:22:16
1,nomask,02-12-2022, 16:22:16
1,nomask,02-12-2022, 16:22:17
1,nomask,02-12-2022, 16:22:17
1,nomask,02-12-2022, 16:22:18
1,nomask,02-12-2022, 16:22:18
1,nomask,02-12-2022, 16:22:18
1,nomask,02-12-2022, 16:22:19
1,nomask,02-12-2022, 16:22:19
1,nomask,02-12-2022, 16:22:20
1,nomask,02-12-2022, 16:22:20
1,nomask,02-12-2022, 16:22:21
1,nomask,02-12-2022, 16:22:21
1,nomask,02-12-2022, 16:22:21
1,nomask,02-12-2022, 16:22:22
1,nomask,02-12-2022, 16:22:22
1,nomask,02-12-2022, 16:22:23
1,nomask,02-12-2022, 16:22:23
1,nomask,02-12-2022, 16:22:24
1,nomask,02-12-2022, 16:22:24
1,nomask,02-12-2022, 16:22:25
1,nomask,02-12-2022, 16:22:25
1,nomask,02-12-2022, 16:22:26
1,nomask,02-12-2022, 16:22:26
1,nomask,02-12-2022, 16:22:26
1,nomask,02-12-2022, 16:22:27
1,nomask,02-12-2022, 16:22:27
1,nomask,02-12-2022, 16:22:28
1,nomask,02-12-2022, 16:22:28
1,nomask,02-12-2022, 16:22:29
1,nomask,02-12-2022, 16:22:29
1,nomask,02-12-2022, 16:22:30
1,nomask,02-12-2022, 16:22:30
1,nomask,02-12-2022, 16:22:30
1,nomask,02-12-2022, 16:22:31
1,nomask,02-12-2022, 16:22:31
1,nomask,02-12-2022, 16:22:32
1,nomask,02-12-2022, 16:22:32
1,nomask,02-12-2022, 16:22:33
1,nomask,02-12-2022, 16:22:33
1,nomask,02-12-2022, 16:22:34
1,nomask,02-12-2022, 16:22:34
1,nomask,02-12-2022, 16:22:34
1,nomask,02-12-2022, 16:22:35
1,nomask,02-12-2022, 16:22:35
1,nomask,02-12-2022, 16:22:36
1,nomask,02-12-2022, 16:22:36
1,nomask,02-12-2022, 16:22:37
1,nomask,02-12-2022, 16:22:37
1,nomask,02-12-2022, 16:22:38
1,nomask,02-12-2022, 16:22:38
1,"mask,",1,nomask,02-12-2022, 16:22:39
1,nomask,02-12-2022, 16:22:39
1,nomask,02-12-2022, 16:22:39
1,nomask,02-12-2022, 16:22:40
1,nomask,02-12-2022, 16:22:40
1,"mask,",1,nomask,02-12-2022, 16:22:41
1,nomask,02-12-2022, 16:22:41
1,nomask,02-12-2022, 16:22:42
1,nomask,02-12-2022, 16:22:42
1,nomask,02-12-2022, 16:22:43
1,nomask,02-12-2022, 16:22:43
1,nomask,02-12-2022, 16:22:44
1,nomask,02-12-2022, 16:22:44
1,nomask,02-12-2022, 16:22:44
1,nomask,02-12-2022, 16:22:45
1,nomask,02-12-2022, 16:22:45
1,nomask,02-12-2022, 16:22:46
1,nomask,02-12-2022, 16:22:46
1,nomask,02-12-2022, 16:22:47
1,nomask,02-12-2022, 16:22:47
1,nomask,02-12-2022, 16:22:48
1,nomask,02-12-2022, 16:22:48
1,"mask,",1,nomask,02-12-2022, 16:22:48
1,"mask,",1,nomask,02-12-2022, 16:22:49
1,nomask,02-12-2022, 16:22:49
1,nomask,02-12-2022, 16:22:50
1,nomask,02-12-2022, 16:22:50
2,nomasks,02-12-2022, 16:22:51
1,nomask,02-12-2022, 16:22:51
1,nomask,02-12-2022, 16:22:52
1,nomask,02-12-2022, 16:22:52
1,nomask,02-12-2022, 16:22:52
1,nomask,02-12-2022, 16:22:53
1,nomask,02-12-2022, 16:22:53
1,nomask,02-12-2022, 16:22:54
1,nomask,02-12-2022, 16:22:54
1,nomask,02-12-2022, 16:22:55
1,nomask,02-12-2022, 16:22:55
1,nomask,02-12-2022, 16:22:56
1,nomask,02-12-2022, 16:22:56
1,nomask,02-12-2022, 16:22:56
1,nomask,02-12-2022, 16:22:57
1,nomask,02-12-2022, 16:22:57
1,nomask,02-12-2022, 16:22:58
1,nomask,02-12-2022, 16:22:58
1,nomask,02-12-2022, 16:22:59
1,nomask,02-12-2022, 16:22:59
1,nomask,02-12-2022, 16:23:00
1,nomask,02-12-2022, 16:23:00
1,nomask,02-12-2022, 16:23:01
1,nomask,02-12-2022, 16:23:01
1,"mask,",1,nomask,02-12-2022, 16:23:02
3,"masks,",1,nomask,02-12-2022, 16:23:02
3,"masks,",1,nomask,02-12-2022, 16:23:02
1,"mask,",1,nomask,02-12-2022, 16:23:03
2,"masks,",1,nomask,02-12-2022, 16:23:03
1,"mask,",1,nomask,02-12-2022, 16:23:04
1,"mask,",1,nomask,02-12-2022, 16:23:04
2,"masks,",1,nomask,02-12-2022, 16:23:05
2,"masks,",1,nomask,02-12-2022, 16:23:05
2,"masks,",1,nomask,02-12-2022, 16:23:05
2,"masks,",1,nomask,02-12-2022, 16:23:06
2,"masks,",1,nomask,02-12-2022, 16:23:06
2,"masks,",1,nomask,02-12-2022, 16:23:07
2,"masks,",1,nomask,02-12-2022, 16:23:07
2,"masks,",1,nomask,02-12-2022, 16:23:08
2,"masks,",1,nomask,02-12-2022, 16:23:08
2,"masks,",1,nomask,02-12-2022, 16:23:09
1,"mask,",1,nomask,02-12-2022, 16:23:09
1,"mask,",1,nomask,02-12-2022, 16:23:10
1,"mask,",1,nomask,02-12-2022, 16:23:10
(no,detections),02-12-2022, 16:23:11
1,"mask,",1,nomask,02-12-2022, 16:23:11
1,"mask,",1,nomask,02-12-2022, 16:23:12
1,"mask,",1,nomask,02-12-2022, 16:23:12
1,"mask,",1,nomask,02-12-2022, 16:23:13
1,"mask,",1,nomask,02-12-2022, 16:23:13
2,"masks,",1,nomask,02-12-2022, 16:23:14
1,"mask,",1,nomask,02-12-2022, 16:23:14
2,masks,02-12-2022, 16:23:14
2,"masks,",1,nomask,02-12-2022, 16:23:15
2,"masks,",1,nomask,02-12-2022, 16:23:15
2,"masks,",1,nomask,02-12-2022, 16:23:16
2,"masks,",1,nomask,02-12-2022, 16:23:16
2,"masks,",1,nomask,02-12-2022, 16:23:17
2,"masks,",1,nomask,02-12-2022, 16:23:17
2,"masks,",1,nomask,02-12-2022, 16:23:18
2,"masks,",1,nomask,02-12-2022, 16:23:18
2,"masks,",1,nomask,02-12-2022, 16:23:18
2,"masks,",1,nomask,02-12-2022, 16:23:19
2,"masks,",1,nomask,02-12-2022, 16:23:19
2,"masks,",1,nomask,02-12-2022, 16:23:20
2,"masks,",1,nomask,02-12-2022, 16:23:20
2,masks,02-12-2022, 16:23:21
2,"masks,",1,nomask,02-12-2022, 16:23:21
2,"masks,",1,nomask,02-12-2022, 16:23:22
2,masks,02-12-2022, 16:23:22
2,"masks,",1,nomask,02-12-2022, 16:23:22
2,"masks,",1,nomask,02-12-2022, 16:23:23
2,"masks,",1,nomask,02-12-2022, 16:23:23
2,"masks,",1,nomask,02-12-2022, 16:23:24
2,"masks,",1,nomask,02-12-2022, 16:23:24
2,"masks,",1,nomask,02-12-2022, 16:23:25
2,"masks,",1,nomask,02-12-2022, 16:23:25
2,"masks,",1,nomask,02-12-2022, 16:23:25
2,"masks,",1,nomask,02-12-2022, 16:23:26
2,"masks,",1,nomask,02-12-2022, 16:23:26
2,masks,02-12-2022, 16:23:27
2,"masks,",1,nomask,02-12-2022, 16:23:27
1,nomask,02-12-2022, 16:23:28
1,nomask,02-12-2022, 16:23:28
1,"mask,",1,nomask,02-12-2022, 16:23:29
1,nomask,02-12-2022, 16:23:29
1,nomask,02-12-2022, 16:23:29
1,nomask,02-12-2022, 16:23:30
1,nomask,02-12-2022, 16:23:30
1,nomask,02-12-2022, 16:23:31
1,nomask,02-12-2022, 16:23:31
1,nomask,02-12-2022, 16:23:32
1,nomask,02-12-2022, 16:23:32
1,nomask,02-12-2022, 16:23:33
(no,detections),02-12-2022, 18:03:39
(no,detections),02-12-2022, 18:03:40
(no,detections),02-12-2022, 18:03:40
(no,detections),02-12-2022, 18:03:41
(no,detections),02-12-2022, 18:03:41
(no,detections),02-12-2022, 18:03:41
(no,detections),02-12-2022, 18:03:42
(no,detections),02-12-2022, 18:03:42
(no,detections),02-12-2022, 18:03:42
(no,detections),02-12-2022, 18:03:43
(no,detections),02-12-2022, 18:03:43
(no,detections),02-12-2022, 18:03:43
(no,detections),02-12-2022, 18:03:44
(no,detections),02-12-2022, 18:03:44
(no,detections),02-12-2022, 18:03:45
(no,detections),02-12-2022, 18:03:45
(no,detections),02-12-2022, 18:03:45
(no,detections),02-12-2022, 18:03:46
(no,detections),02-12-2022, 18:03:46
(no,detections),02-12-2022, 18:03:46
(no,detections),02-12-2022, 18:03:47
(no,detections),02-12-2022, 18:03:47
(no,detections),02-12-2022, 18:03:47
(no,detections),02-12-2022, 18:03:48
(no,detections),02-12-2022, 18:03:48
(no,detections),02-12-2022, 18:03:48
(no,detections),02-12-2022, 18:03:49
(no,detections),02-12-2022, 18:03:49
(no,detections),02-12-2022, 18:03:50
1,nomask,02-12-2022, 18:03:50
(no,detections),02-12-2022, 18:03:50
1,nomask,02-12-2022, 18:03:51
(no,detections),02-12-2022, 18:03:51
1,nomask,02-12-2022, 18:03:51
(no,detections),02-12-2022, 18:03:52
(no,detections),02-12-2022, 18:03:52
(no,detections),02-12-2022, 18:03:52
(no,detections),02-12-2022, 18:03:53
(no,detections),02-12-2022, 18:03:53
(no,detections),02-12-2022, 18:03:53
(no,detections),02-12-2022, 18:03:54
(no,detections),02-12-2022, 18:03:54
(no,detections),02-12-2022, 18:03:55
(no,detections),02-12-2022, 18:03:55
(no,detections),02-12-2022, 18:03:55
(no,detections),02-12-2022, 18:03:56
(no,detections),02-12-2022, 18:03:56
(no,detections),02-12-2022, 18:03:57
(no,detections),02-12-2022, 18:03:57
(no,detections),02-12-2022, 18:03:57
(no,detections),02-12-2022, 18:03:58
(no,detections),02-12-2022, 18:03:58
(no,detections),02-12-2022, 18:03:58
(no,detections),02-12-2022, 18:03:59
(no,detections),02-12-2022, 18:03:59
(no,detections),02-12-2022, 18:03:59
(no,detections),02-12-2022, 18:04:00
(no,detections),02-12-2022, 18:04:00
(no,detections),02-12-2022, 18:04:00
(no,detections),02-12-2022, 18:04:01
(no,detections),02-12-2022, 18:04:01
(no,detections),02-12-2022, 18:04:02
(no,detections),02-12-2022, 18:04:02
(no,detections),02-12-2022, 18:04:02
1,mask,02-12-2022, 18:04:03
(no,detections),02-12-2022, 18:04:03
(no,detections),02-12-2022, 18:04:03
(no,detections),02-12-2022, 18:04:04
(no,detections),02-12-2022, 18:04:04
(no,detections),02-12-2022, 18:04:04
(no,detections),02-12-2022, 18:04:05
(no,detections),02-12-2022, 18:04:05
(no,detections),02-12-2022, 18:04:05
(no,detections),02-12-2022, 18:04:06
(no,detections),02-12-2022, 18:04:06
(no,detections),02-12-2022, 18:04:07
(no,detections),02-12-2022, 18:04:07
(no,detections),02-12-2022, 18:04:07
(no,detections),02-12-2022, 18:04:08
(no,detections),02-12-2022, 18:04:08
(no,detections),02-12-2022, 18:04:08
(no,detections),02-12-2022, 18:04:09
(no,detections),02-12-2022, 18:04:09
(no,detections),02-12-2022, 18:04:09
(no,detections),02-12-2022, 18:04:10
(no,detections),02-12-2022, 18:04:10
(no,detections),02-12-2022, 18:04:11
1,mask,02-12-2022, 18:04:11
(no,detections),02-12-2022, 18:04:11
(no,detections),02-12-2022, 18:04:12
(no,detections),02-12-2022, 18:04:12
(no,detections),02-12-2022, 18:04:12
(no,detections),02-12-2022, 18:04:13
(no,detections),02-12-2022, 18:04:13
(no,detections),02-12-2022, 18:04:14
(no,detections),02-12-2022, 18:04:14
(no,detections),02-12-2022, 18:04:14
(no,detections),02-12-2022, 18:04:15
(no,detections),02-12-2022, 18:04:15
(no,detections),02-12-2022, 18:04:15
(no,detections),02-12-2022, 18:04:16
(no,detections),02-12-2022, 18:04:16
(no,detections),02-12-2022, 18:04:16
(no,detections),02-12-2022, 18:04:17
(no,detections),02-12-2022, 18:04:17
(no,detections),02-12-2022, 18:04:17
(no,detections),02-12-2022, 18:04:18
(no,detections),02-12-2022, 18:04:18
(no,detections),02-12-2022, 18:04:18
(no,detections),02-12-2022, 18:04:19
(no,detections),02-12-2022, 18:04:19
(no,detections),02-12-2022, 18:04:20
(no,detections),02-12-2022, 18:04:20
(no,detections),02-12-2022, 18:04:20
1,nomask,02-12-2022, 18:04:21
(no,detections),02-12-2022, 18:04:21
(no,detections),02-12-2022, 18:04:21
(no,detections),02-12-2022, 18:04:22
(no,detections),02-12-2022, 18:04:22
(no,detections),02-12-2022, 18:04:22
(no,detections),02-12-2022, 18:04:23
(no,detections),02-12-2022, 18:04:23
(no,detections),02-12-2022, 18:04:24
(no,detections),02-12-2022, 18:04:24
(no,detections),02-12-2022, 18:04:24
(no,detections),02-12-2022, 18:04:25
(no,detections),02-12-2022, 18:04:25
(no,detections),02-12-2022, 18:04:25
(no,detections),02-12-2022, 18:04:26
(no,detections),02-12-2022, 18:04:26
(no,detections),02-12-2022, 18:04:27
(no,detections),02-12-2022, 18:04:27
1,mask,08-12-2022, 14:40:00
1,mask,08-12-2022, 14:40:01
1,mask,08-12-2022, 14:40:01
1,mask,08-12-2022, 14:40:02
1,mask,08-12-2022, 14:40:02
1,mask,08-12-2022, 14:40:03
1,mask,08-12-2022, 14:40:03
1,mask,08-12-2022, 14:40:04
1,mask,08-12-2022, 14:40:04
1,mask,08-12-2022, 14:40:05
1,mask,08-12-2022, 14:40:05
1,mask,08-12-2022, 14:40:06
1,mask,08-12-2022, 14:40:06
1,mask,08-12-2022, 14:40:07
1,mask,08-12-2022, 14:40:07
1,mask,08-12-2022, 14:40:08
(no,detections),08-12-2022, 14:40:08
(no,detections),08-12-2022, 14:40:09
(no,detections),08-12-2022, 14:40:09
1,mask,08-12-2022, 14:40:10
1,mask,08-12-2022, 14:40:10
1,mask,08-12-2022, 14:40:11
1,mask,08-12-2022, 14:40:11
1,mask,08-12-2022, 14:40:12
1,mask,08-12-2022, 14:40:12
1,mask,08-12-2022, 14:40:13
3,masks,08-12-2022, 14:40:13
3,masks,08-12-2022, 14:40:14
3,masks,08-12-2022, 14:40:14
3,masks,08-12-2022, 14:40:15
3,masks,08-12-2022, 14:40:15
3,masks,08-12-2022, 14:40:16
3,masks,08-12-2022, 14:40:16
3,masks,08-12-2022, 14:40:17
3,masks,08-12-2022, 14:40:17
3,masks,08-12-2022, 14:40:18
3,masks,08-12-2022, 14:40:18
3,masks,08-12-2022, 14:40:19
3,masks,08-12-2022, 14:40:19
3,masks,08-12-2022, 14:40:20
3,masks,08-12-2022, 14:40:20
3,masks,08-12-2022, 14:40:21
3,masks,08-12-2022, 14:40:21
3,masks,08-12-2022, 14:40:22
3,masks,08-12-2022, 14:40:22
3,masks,08-12-2022, 14:40:23
3,masks,08-12-2022, 14:40:23
3,masks,08-12-2022, 14:40:24
3,masks,08-12-2022, 14:40:24
3,masks,08-12-2022, 14:40:25
3,masks,08-12-2022, 14:40:25
3,masks,08-12-2022, 14:40:26
3,masks,08-12-2022, 14:40:26
3,masks,08-12-2022, 14:40:27
3,masks,08-12-2022, 14:40:28
3,masks,08-12-2022, 14:40:28
3,masks,08-12-2022, 14:40:29
3,masks,08-12-2022, 14:40:29
1,mask,08-12-2022, 14:40:29
1,mask,08-12-2022, 14:40:30
1,mask,08-12-2022, 14:40:30
1,mask,08-12-2022, 14:40:31
1,mask,08-12-2022, 14:40:32
1,mask,08-12-2022, 14:40:33
1,mask,08-12-2022, 14:40:34
1,mask,08-12-2022, 14:40:34
1,mask,08-12-2022, 14:40:35
1,mask,08-12-2022, 14:40:36
1,mask,08-12-2022, 14:40:37
1,mask,08-12-2022, 14:40:37
1,mask,08-12-2022, 14:40:38
1,mask,08-12-2022, 14:40:39
1,mask,08-12-2022, 14:40:39
1,mask,08-12-2022, 14:40:40
1,mask,08-12-2022, 14:40:40
1,mask,08-12-2022, 14:40:42
1,mask,08-12-2022, 14:40:43
1,mask,08-12-2022, 14:40:43
1,mask,08-12-2022, 14:40:44
1,mask,08-12-2022, 14:40:45
1,mask,08-12-2022, 14:40:46
1,mask,08-12-2022, 14:40:47
1,mask,08-12-2022, 14:40:47
1,mask,08-12-2022, 14:40:48
1,mask,08-12-2022, 14:40:48
1,mask,08-12-2022, 14:40:49
1,mask,08-12-2022, 14:40:49
1,mask,08-12-2022, 14:40:50
1,mask,08-12-2022, 14:40:50
1,mask,08-12-2022, 14:40:51
1,mask,08-12-2022, 14:40:51
1,mask,08-12-2022, 14:40:52
1,mask,08-12-2022, 14:40:52
1,mask,08-12-2022, 14:40:53
1,mask,08-12-2022, 14:40:53
1,mask,08-12-2022, 14:40:54
1,mask,08-12-2022, 14:40:54
1,mask,08-12-2022, 14:40:55
1,mask,08-12-2022, 14:40:55
1,mask,08-12-2022, 14:40:56
1,mask,08-12-2022, 14:40:56
1,mask,08-12-2022, 14:40:57
1,mask,08-12-2022, 14:40:57
1,mask,08-12-2022, 14:40:58
1,mask,08-12-2022, 14:40:58
1,mask,08-12-2022, 14:40:59
1,mask,08-12-2022, 14:40:59
1,mask,08-12-2022, 14:41:00
1,mask,08-12-2022, 14:41:00
1,mask,08-12-2022, 14:41:01
1,mask,08-12-2022, 14:41:01
1,mask,08-12-2022, 14:41:02
1,mask,08-12-2022, 14:41:02
1,mask,08-12-2022, 14:41:03
1,mask,08-12-2022, 14:41:04
1,mask,08-12-2022, 14:41:04
1,mask,08-12-2022, 14:41:05
1,mask,08-12-2022, 14:41:05
1,mask,08-12-2022, 14:41:06
1,mask,08-12-2022, 14:41:06
1,mask,08-12-2022, 14:41:07
1,mask,08-12-2022, 14:41:07
1,mask,08-12-2022, 14:41:08
1,mask,08-12-2022, 14:41:08
1,mask,08-12-2022, 14:41:09
1,mask,08-12-2022, 14:41:10
1,mask,08-12-2022, 14:41:11
1,mask,08-12-2022, 14:41:11
1,mask,08-12-2022, 14:41:12
1,mask,08-12-2022, 14:41:12
1,mask,08-12-2022, 14:41:13
1,mask,08-12-2022, 14:41:13
1,mask,08-12-2022, 14:41:14
1,mask,08-12-2022, 14:41:15
1,mask,08-12-2022, 14:41:15
1,mask,08-12-2022, 14:41:16
1,mask,08-12-2022, 14:41:16
1,mask,08-12-2022, 14:41:17
1,mask,08-12-2022, 14:41:17
1,mask,08-12-2022, 14:41:18
1,mask,08-12-2022, 14:41:18
1,mask,08-12-2022, 14:41:19
1,mask,08-12-2022, 14:41:19
1,mask,08-12-2022, 14:41:20
1,mask,08-12-2022, 14:41:20
1,mask,08-12-2022, 14:41:21
1,mask,08-12-2022, 14:41:21
1,mask,08-12-2022, 14:41:22
1,mask,08-12-2022, 14:41:23
1,mask,08-12-2022, 14:41:23
1,mask,08-12-2022, 14:41:24
1,mask,08-12-2022, 14:41:24
1,mask,08-12-2022, 14:41:25
1,mask,08-12-2022, 14:41:25
1,mask,08-12-2022, 14:41:27
1,mask,08-12-2022, 14:41:28
1,mask,08-12-2022, 14:41:29
1,mask,08-12-2022, 14:41:29
1,mask,08-12-2022, 14:41:30
1,mask,08-12-2022, 14:41:30
1,mask,08-12-2022, 14:41:31
1,mask,08-12-2022, 14:41:31
1,mask,08-12-2022, 14:41:32
1,mask,08-12-2022, 14:41:32
1,mask,08-12-2022, 14:41:33
1,mask,08-12-2022, 14:41:33
1,mask,08-12-2022, 14:41:34
1,mask,08-12-2022, 14:41:34
1,mask,08-12-2022, 14:41:35
1,mask,08-12-2022, 14:41:35
1,mask,08-12-2022, 14:41:36
1,mask,08-12-2022, 14:41:36
1,mask,08-12-2022, 14:41:37
1,mask,08-12-2022, 14:41:37
1,mask,08-12-2022, 14:41:38
1,mask,08-12-2022, 14:41:38
1,mask,08-12-2022, 14:41:39
1,mask,08-12-2022, 14:41:39
1,mask,08-12-2022, 14:41:40
1,mask,08-12-2022, 14:41:40
1,mask,08-12-2022, 14:41:41
1,mask,08-12-2022, 14:41:41
1,mask,08-12-2022, 14:41:42
1,mask,08-12-2022, 14:41:42
1,mask,08-12-2022, 14:41:43
1,mask,08-12-2022, 14:41:43
1,mask,08-12-2022, 14:41:44
1,mask,08-12-2022, 14:41:44
1,mask,08-12-2022, 14:41:45
1,mask,08-12-2022, 14:41:45
1,mask,08-12-2022, 14:41:46
1,mask,08-12-2022, 14:41:46
1,mask,08-12-2022, 14:41:47
1,mask,08-12-2022, 14:41:47
1,mask,08-12-2022, 14:41:48
1,mask,08-12-2022, 14:41:48
1,mask,08-12-2022, 14:41:49
1,mask,08-12-2022, 14:41:49
1,mask,08-12-2022, 14:41:50
1,mask,08-12-2022, 14:41:50
1,mask,08-12-2022, 14:41:50
1,mask,08-12-2022, 14:41:51
1,mask,08-12-2022, 14:41:51
1,mask,08-12-2022, 14:41:52
1,mask,08-12-2022, 14:41:52
1,mask,08-12-2022, 14:41:53
1,mask,08-12-2022, 14:41:53
1,mask,08-12-2022, 14:41:54
1,mask,08-12-2022, 14:41:54
1,mask,08-12-2022, 14:41:55
1,mask,08-12-2022, 14:41:55
1,mask,08-12-2022, 14:41:56
1,mask,08-12-2022, 14:41:56
1,mask,08-12-2022, 14:41:57
1,mask,08-12-2022, 14:41:57
1,mask,08-12-2022, 14:41:58
1,mask,08-12-2022, 14:41:58
1,mask,08-12-2022, 14:41:59
1,mask,08-12-2022, 14:41:59
1,mask,08-12-2022, 14:42:00
1,mask,08-12-2022, 14:42:00
1,mask,08-12-2022, 14:42:01
1,mask,08-12-2022, 14:42:02
1,mask,08-12-2022, 14:42:02
1,mask,08-12-2022, 14:42:03
(no,detections),09-12-2022, 14:57:46
(no,detections),09-12-2022, 14:57:47
(no,detections),09-12-2022, 14:57:47
(no,detections),09-12-2022, 14:57:48
(no,detections),09-12-2022, 14:57:48
(no,detections),09-12-2022, 14:57:48
(no,detections),09-12-2022, 14:57:49
(no,detections),09-12-2022, 14:57:49
1,mask,09-12-2022, 14:57:50
(no,detections),09-12-2022, 14:57:50
1,mask,09-12-2022, 14:57:50
(no,detections),09-12-2022, 14:57:51
1,mask,09-12-2022, 14:57:51
(no,detections),09-12-2022, 14:57:51
(no,detections),09-12-2022, 14:57:52
(no,detections),09-12-2022, 14:57:52
(no,detections),09-12-2022, 14:57:53
(no,detections),09-12-2022, 14:57:53
(no,detections),09-12-2022, 14:57:53
(no,detections),09-12-2022, 14:57:54
(no,detections),09-12-2022, 14:57:54
1,mask,09-12-2022, 14:57:55
(no,detections),09-12-2022, 14:57:55
(no,detections),09-12-2022, 14:57:55
(no,detections),09-12-2022, 14:57:56
(no,detections),09-12-2022, 14:57:56
1,nomask,09-12-2022, 14:57:57
(no,detections),09-12-2022, 14:57:57
(no,detections),09-12-2022, 14:57:58
(no,detections),09-12-2022, 14:57:58
(no,detections),09-12-2022, 14:57:59
(no,detections),09-12-2022, 14:57:59
(no,detections),09-12-2022, 14:57:59
2,masks,09-12-2022, 14:58:00
1,mask,09-12-2022, 14:58:00
1,mask,09-12-2022, 14:58:01
1,mask,09-12-2022, 14:58:01
1,mask,09-12-2022, 14:58:02
1,mask,09-12-2022, 14:58:02
1,mask,09-12-2022, 14:58:02
1,mask,09-12-2022, 14:58:03
1,mask,09-12-2022, 14:58:03
1,mask,09-12-2022, 14:58:03
1,mask,09-12-2022, 14:58:04
1,mask,09-12-2022, 14:58:04
(no,detections),09-12-2022, 14:58:05
(no,detections),09-12-2022, 14:58:05
(no,detections),09-12-2022, 14:58:05
(no,detections),09-12-2022, 14:58:06
(no,detections),09-12-2022, 14:58:06
(no,detections),09-12-2022, 14:58:06
(no,detections),09-12-2022, 14:58:07
(no,detections),09-12-2022, 14:58:07
(no,detections),09-12-2022, 14:58:08
(no,detections),09-12-2022, 14:58:08
1,mask,09-12-2022, 14:58:08
1,mask,09-12-2022, 14:58:09
(no,detections),09-12-2022, 14:58:09
1,mask,09-12-2022, 14:58:10
(no,detections),09-12-2022, 14:58:10
1,mask,09-12-2022, 14:58:10
(no,detections),09-12-2022, 14:58:11
1,mask,09-12-2022, 14:58:11
(no,detections),09-12-2022, 14:58:12
(no,detections),09-12-2022, 14:58:12
(no,detections),09-12-2022, 14:58:12
(no,detections),09-12-2022, 14:58:13
(no,detections),09-12-2022, 14:58:13
1,mask,09-12-2022, 14:58:14
1,mask,01-02-2023, 11:21:23
1,mask,01-02-2023, 11:21:24
1,"mask,",1,nomask,01-02-2023, 11:21:24
1,"mask,",1,nomask,01-02-2023, 11:21:24
1,"mask,",1,nomask,01-02-2023, 11:21:25
1,"mask,",1,nomask,01-02-2023, 11:21:25
1,"mask,",1,nomask,01-02-2023, 11:21:25
1,"mask,",1,nomask,01-02-2023, 11:21:26
1,"mask,",1,nomask,01-02-2023, 11:21:26
1,"mask,",1,nomask,01-02-2023, 11:21:27
1,"mask,",1,nomask,01-02-2023, 11:21:27
1,"mask,",1,nomask,01-02-2023, 11:21:27
1,"mask,",1,nomask,01-02-2023, 11:21:28
1,"mask,",1,nomask,01-02-2023, 11:21:28
1,"mask,",1,nomask,01-02-2023, 11:21:28
1,"mask,",1,nomask,01-02-2023, 11:21:29
1,"mask,",1,nomask,01-02-2023, 11:21:29
1,"mask,",1,nomask,01-02-2023, 11:21:29
1,"mask,",1,nomask,01-02-2023, 11:21:30
1,"mask,",1,nomask,01-02-2023, 11:21:30
1,"mask,",1,nomask,01-02-2023, 11:21:30
1,"mask,",1,nomask,01-02-2023, 11:21:31
1,"mask,",1,nomask,01-02-2023, 11:21:31
1,mask,01-02-2023, 11:21:31
1,mask,01-02-2023, 11:21:32
1,mask,01-02-2023, 11:21:32
1,"mask,",1,nomask,01-02-2023, 11:21:33
1,"mask,",1,nomask,01-02-2023, 11:21:33
1,"mask,",1,nomask,01-02-2023, 11:21:33
1,"mask,",1,nomask,01-02-2023, 11:21:34
1,"mask,",1,nomask,01-02-2023, 11:21:34
1,"mask,",1,nomask,01-02-2023, 11:21:35
1,"mask,",1,nomask,01-02-2023, 11:21:35
1,"mask,",1,nomask,01-02-2023, 11:21:35
1,"mask,",1,nomask,01-02-2023, 11:21:36
1,"mask,",1,nomask,01-02-2023, 11:21:36
1,"mask,",1,nomask,01-02-2023, 11:21:37
1,"mask,",1,nomask,01-02-2023, 11:21:37
1,"mask,",1,nomask,01-02-2023, 11:21:37
1,"mask,",1,nomask,01-02-2023, 11:21:38
1,"mask,",1,nomask,01-02-2023, 11:21:38
1,"mask,",1,nomask,01-02-2023, 11:21:38
1,"mask,",1,nomask,01-02-2023, 11:21:39
1,"mask,",1,nomask,01-02-2023, 11:21:39
1,"mask,",1,nomask,01-02-2023, 11:21:40
1,"mask,",1,nomask,01-02-2023, 11:21:40
1,"mask,",1,nomask,01-02-2023, 11:21:40
1,"mask,",1,nomask,01-02-2023, 11:21:41
1,"mask,",1,nomask,01-02-2023, 11:21:41
1,"mask,",1,nomask,01-02-2023, 11:21:41
1,"mask,",1,nomask,01-02-2023, 11:21:42
1,"mask,",1,nomask,01-02-2023, 11:21:42
1,"mask,",1,nomask,01-02-2023, 11:21:42
1,"mask,",1,nomask,01-02-2023, 11:21:43
1,"mask,",1,nomask,01-02-2023, 11:21:43
1,"mask,",1,nomask,01-02-2023, 11:21:43
1,"mask,",1,nomask,01-02-2023, 11:21:44
1,"mask,",1,nomask,01-02-2023, 11:21:44
1,"mask,",1,nomask,01-02-2023, 11:21:44
1,"mask,",1,nomask,01-02-2023, 11:21:45
1,"mask,",1,nomask,01-02-2023, 11:21:45
1,"mask,",1,nomask,01-02-2023, 11:21:46
1,"mask,",1,nomask,01-02-2023, 11:21:46
1,"mask,",1,nomask,01-02-2023, 11:21:46
1,"mask,",1,nomask,01-02-2023, 11:21:47
1,mask,01-02-2023, 11:21:47
1,mask,01-02-2023, 11:21:47
1,mask,01-02-2023, 11:21:48
1,mask,01-02-2023, 11:21:48
1,mask,01-02-2023, 11:21:48
1,mask,01-02-2023, 11:21:49
1,"mask,",1,nomask,01-02-2023, 11:21:49
1,"mask,",1,nomask,01-02-2023, 11:21:49
1,"mask,",1,nomask,01-02-2023, 11:21:50
1,"mask,",1,nomask,01-02-2023, 11:21:50
1,"mask,",1,nomask,01-02-2023, 11:21:50
1,"mask,",1,nomask,01-02-2023, 11:21:51
1,"mask,",1,nomask,01-02-2023, 11:21:51
1,"mask,",1,nomask,01-02-2023, 11:21:51
1,"mask,",1,nomask,01-02-2023, 11:21:52
1,"mask,",1,nomask,01-02-2023, 11:21:52
1,mask,01-02-2023, 11:21:52
1,mask,01-02-2023, 11:21:53
1,mask,01-02-2023, 11:21:53
1,mask,01-02-2023, 11:21:53
1,mask,01-02-2023, 11:21:54
1,mask,01-02-2023, 11:21:54
1,mask,01-02-2023, 11:21:55
1,mask,01-02-2023, 11:21:55
1,mask,01-02-2023, 11:21:55
1,mask,01-02-2023, 11:21:56
1,mask,01-02-2023, 11:21:56
1,mask,01-02-2023, 11:21:56
1,mask,01-02-2023, 11:21:57
1,mask,01-02-2023, 11:21:57
1,mask,01-02-2023, 11:21:57
1,mask,01-02-2023, 11:21:58
1,mask,01-02-2023, 11:21:58
1,mask,01-02-2023, 11:21:58
1,mask,01-02-2023, 11:21:59
1,mask,01-02-2023, 11:21:59
1,mask,01-02-2023, 11:22:00
1,mask,01-02-2023, 11:22:00
1,mask,01-02-2023, 11:22:00
1,mask,01-02-2023, 11:22:01
1,mask,01-02-2023, 11:22:01
1,mask,01-02-2023, 11:22:01
1,"mask,",1,nomask,01-02-2023, 11:22:02
1,"mask,",1,nomask,01-02-2023, 11:22:02
1,"mask,",1,nomask,01-02-2023, 11:22:02
1,"mask,",1,nomask,01-02-2023, 11:22:03
1,"mask,",1,nomask,01-02-2023, 11:22:03
1,"mask,",1,nomask,01-02-2023, 11:22:03
1,"mask,",1,nomask,01-02-2023, 11:22:04
1,"mask,",1,nomask,01-02-2023, 11:22:04
1,"mask,",1,nomask,01-02-2023, 11:22:04
1,"mask,",1,nomask,01-02-2023, 11:22:05
1,"mask,",1,nomask,01-02-2023, 11:22:05
1,"mask,",1,nomask,01-02-2023, 11:22:05
1,"mask,",1,nomask,01-02-2023, 11:22:06
1,"mask,",1,nomask,01-02-2023, 11:22:06
1,"mask,",1,nomask,01-02-2023, 11:22:06
1,"mask,",1,nomask,01-02-2023, 11:22:07
1,"mask,",1,nomask,01-02-2023, 11:22:07
1,"mask,",1,nomask,01-02-2023, 11:22:08
1,"mask,",1,nomask,01-02-2023, 11:22:08
1,"mask,",1,nomask,01-02-2023, 11:22:08
1,"mask,",1,nomask,01-02-2023, 11:22:09
1,"mask,",1,nomask,01-02-2023, 11:22:09
1,"mask,",1,nomask,01-02-2023, 11:22:09
1,"mask,",1,nomask,01-02-2023, 11:22:10
1,"mask,",1,nomask,01-02-2023, 11:22:10
1,"mask,",1,nomask,01-02-2023, 11:22:10
1,"mask,",1,nomask,01-02-2023, 11:22:11
1,"mask,",1,nomask,01-02-2023, 11:22:11
1,"mask,",1,nomask,01-02-2023, 11:22:12
1,"mask,",1,nomask,01-02-2023, 11:22:12
1,"mask,",1,nomask,01-02-2023, 11:22:12
1,"mask,",1,nomask,01-02-2023, 11:22:13
1,"mask,",1,nomask,01-02-2023, 11:22:13
1,"mask,",1,nomask,01-02-2023, 11:22:13
1,"mask,",1,nomask,01-02-2023, 11:22:14
1,"mask,",1,nomask,01-02-2023, 11:22:14
1,"mask,",1,nomask,01-02-2023, 11:22:14
1,"mask,",1,nomask,01-02-2023, 11:22:15
1,"mask,",1,nomask,01-02-2023, 11:22:15
1,"mask,",1,nomask,01-02-2023, 11:22:16
1,"mask,",1,nomask,01-02-2023, 11:22:16
1,"mask,",1,nomask,01-02-2023, 11:22:16
1,"mask,",1,nomask,01-02-2023, 11:22:17
1,"mask,",1,nomask,01-02-2023, 11:22:17
1,"mask,",1,nomask,01-02-2023, 11:22:17
1,"mask,",1,nomask,01-02-2023, 11:22:18
1,"mask,",1,nomask,01-02-2023, 11:22:18
1,mask,01-02-2023, 11:22:18
1,mask,01-02-2023, 11:22:19
1,"mask,",1,nomask,01-02-2023, 11:22:19
1,"mask,",1,nomask,01-02-2023, 11:22:19
1,"mask,",1,nomask,01-02-2023, 11:22:20
1,"mask,",1,nomask,01-02-2023, 11:22:20
1,"mask,",1,nomask,01-02-2023, 11:22:21
1,"mask,",1,nomask,01-02-2023, 11:22:21
1,"mask,",1,nomask,01-02-2023, 11:22:21
1,"mask,",1,nomask,01-02-2023, 11:22:22
1,"mask,",1,nomask,01-02-2023, 11:22:22
1,mask,01-02-2023, 11:22:22
1,mask,01-02-2023, 11:22:23
1,mask,01-02-2023, 11:22:23
1,mask,01-02-2023, 11:22:23
1,mask,01-02-2023, 11:22:24
1,mask,01-02-2023, 11:22:24
1,mask,01-02-2023, 11:22:24
1,mask,01-02-2023, 11:22:25
1,mask,01-02-2023, 11:22:25
1,mask,01-02-2023, 11:22:25
1,mask,01-02-2023, 11:22:26
1,mask,01-02-2023, 11:22:26
1,mask,01-02-2023, 11:22:26
1,mask,01-02-2023, 11:22:27
1,mask,01-02-2023, 11:22:27
1,mask,01-02-2023, 11:22:27
1,mask,01-02-2023, 11:22:28
1,mask,01-02-2023, 11:22:28
1,mask,01-02-2023, 11:22:28
1,mask,01-02-2023, 11:22:29
1,mask,01-02-2023, 11:22:29
1,mask,01-02-2023, 11:22:29
1,mask,01-02-2023, 11:22:30
1,mask,01-02-2023, 11:22:30
1,mask,01-02-2023, 11:22:30
1,mask,01-02-2023, 11:22:31
1,mask,01-02-2023, 11:22:31
1,mask,01-02-2023, 11:22:31
1,mask,01-02-2023, 11:22:32
1,mask,01-02-2023, 11:22:32
1,mask,01-02-2023, 11:22:32
1,mask,01-02-2023, 11:22:33
1,mask,01-02-2023, 11:22:33
1,mask,01-02-2023, 11:22:34
1,mask,01-02-2023, 11:22:34
1,mask,01-02-2023, 11:22:34
1,mask,01-02-2023, 11:22:35
1,mask,01-02-2023, 11:22:35
1,mask,01-02-2023, 11:22:35
1,mask,01-02-2023, 11:22:36
1,mask,01-02-2023, 11:22:36
1,mask,01-02-2023, 11:22:36
1,mask,01-02-2023, 11:22:37
1,mask,01-02-2023, 11:22:37
1,mask,01-02-2023, 11:22:37
1,mask,01-02-2023, 11:22:38
1,mask,01-02-2023, 11:22:38
1,mask,01-02-2023, 11:22:38
1,mask,01-02-2023, 11:22:39
1,mask,01-02-2023, 11:22:39
1,mask,01-02-2023, 11:22:39
1,mask,01-02-2023, 11:22:40
1,mask,01-02-2023, 11:22:40
1,mask,01-02-2023, 11:22:40
1,mask,01-02-2023, 11:22:41
1,mask,01-02-2023, 11:22:41
1,mask,01-02-2023, 11:22:41
1,mask,01-02-2023, 11:22:42
1,mask,01-02-2023, 11:22:42
1,mask,01-02-2023, 11:22:43
1,mask,01-02-2023, 11:22:43
1,mask,01-02-2023, 11:22:43
1,mask,01-02-2023, 11:22:44
1,mask,01-02-2023, 11:22:44
1,mask,01-02-2023, 11:22:44
1,mask,01-02-2023, 11:22:45
1,mask,01-02-2023, 11:22:45
1,mask,01-02-2023, 11:22:45
1,mask,01-02-2023, 11:22:46
1,mask,01-02-2023, 11:22:46
1,mask,01-02-2023, 11:22:46
1,mask,01-02-2023, 11:22:47
1,mask,01-02-2023, 11:22:47
1,mask,01-02-2023, 11:22:47
1,mask,01-02-2023, 11:22:48
1,mask,01-02-2023, 11:22:48
1,mask,01-02-2023, 11:22:48
1,mask,01-02-2023, 11:22:49
1,mask,01-02-2023, 11:22:49
1,mask,01-02-2023, 11:22:49
1,mask,01-02-2023, 11:22:50
1,mask,01-02-2023, 11:22:50
1,mask,01-02-2023, 11:22:51
1,mask,01-02-2023, 11:22:51
1,mask,01-02-2023, 11:22:51
1,mask,01-02-2023, 11:22:52
1,mask,01-02-2023, 11:22:52
1,mask,01-02-2023, 11:22:52
1,mask,01-02-2023, 11:22:53
1,mask,01-02-2023, 11:22:53
1,mask,01-02-2023, 11:22:53
1,mask,01-02-2023, 11:22:54
1,mask,01-02-2023, 11:22:54
1,mask,01-02-2023, 11:22:54
1,mask,01-02-2023, 11:22:55
1,mask,01-02-2023, 11:22:55
1,mask,01-02-2023, 11:22:55
1,nomask,01-02-2023, 11:22:56
1,nomask,01-02-2023, 11:22:56
1,nomask,01-02-2023, 11:22:56
1,nomask,01-02-2023, 11:22:57
1,nomask,01-02-2023, 11:22:57
1,mask,01-02-2023, 11:22:57
1,mask,01-02-2023, 11:22:58
1,mask,01-02-2023, 11:22:58
1,mask,01-02-2023, 11:22:59
1,mask,01-02-2023, 11:22:59
1,mask,01-02-2023, 11:22:59
1,mask,01-02-2023, 11:23:00
1,mask,01-02-2023, 11:23:00
1,mask,01-02-2023, 11:23:00
1,mask,01-02-2023, 11:23:01
1,mask,01-02-2023, 11:23:01
1,mask,01-02-2023, 11:23:01
1,mask,01-02-2023, 11:23:02
1,mask,01-02-2023, 11:23:02
1,mask,01-02-2023, 11:23:02
1,mask,01-02-2023, 11:23:03
1,mask,01-02-2023, 11:23:03
1,mask,01-02-2023, 11:23:03
1,mask,01-02-2023, 11:23:04
1,mask,01-02-2023, 11:23:04
1,mask,01-02-2023, 11:23:04
1,mask,01-02-2023, 11:23:05
1,mask,01-02-2023, 11:23:05
1,mask,01-02-2023, 11:23:05
1,mask,01-02-2023, 11:23:06
1,mask,01-02-2023, 11:23:06
1,mask,01-02-2023, 11:23:07
1,mask,01-02-2023, 11:23:07
1,mask,01-02-2023, 11:23:07
1,mask,01-02-2023, 11:23:08
1,mask,01-02-2023, 11:23:08
1,mask,01-02-2023, 11:23:08
1,mask,01-02-2023, 11:23:09
1,mask,01-02-2023, 11:23:09
1,mask,01-02-2023, 11:23:09
1,mask,01-02-2023, 11:23:10
1,mask,01-02-2023, 11:23:10
1,mask,01-02-2023, 11:23:10
1,mask,01-02-2023, 11:23:11
1,mask,01-02-2023, 11:23:11
1,mask,01-02-2023, 11:23:11
1,mask,01-02-2023, 11:23:12
1,mask,01-02-2023, 11:23:12
1,mask,01-02-2023, 11:23:12
1,mask,01-02-2023, 11:23:13
1,mask,01-02-2023, 11:23:13
1,mask,01-02-2023, 11:23:13
1,mask,01-02-2023, 11:23:14
1,mask,01-02-2023, 11:23:14
1,mask,01-02-2023, 11:23:14
1,mask,01-02-2023, 11:23:15
1,mask,01-02-2023, 11:23:15
1,mask,01-02-2023, 11:23:15
1,mask,01-02-2023, 11:23:16
1,mask,01-02-2023, 11:23:16
1,mask,01-02-2023, 11:23:16
1,mask,01-02-2023, 11:23:17
1,mask,01-02-2023, 11:23:17
1,mask,01-02-2023, 11:23:17
1,mask,01-02-2023, 11:23:18
1,mask,01-02-2023, 11:23:18
1,mask,01-02-2023, 11:23:18
1,mask,01-02-2023, 11:23:19
1,mask,01-02-2023, 11:23:19
1,mask,01-02-2023, 11:23:20
1,mask,01-02-2023, 11:23:20
1,mask,01-02-2023, 11:23:20
1,mask,01-02-2023, 11:23:21
1,mask,01-02-2023, 11:23:21
1,mask,01-02-2023, 11:23:21
1,mask,01-02-2023, 11:23:22
1,mask,01-02-2023, 11:23:22
1,mask,01-02-2023, 11:23:22
1,mask,01-02-2023, 11:23:23
1,mask,01-02-2023, 11:23:23
1,mask,01-02-2023, 11:23:23
1,mask,01-02-2023, 11:23:24
1,mask,01-02-2023, 11:23:24
1,mask,01-02-2023, 11:23:24
1,mask,01-02-2023, 11:23:25
1,mask,01-02-2023, 11:23:25
1,mask,01-02-2023, 11:23:25
1,mask,01-02-2023, 11:23:26
1,mask,01-02-2023, 11:23:26
1,mask,01-02-2023, 11:23:26
1,mask,01-02-2023, 11:23:27
1,mask,01-02-2023, 11:23:27
1,mask,01-02-2023, 11:23:28
1,mask,01-02-2023, 11:23:28
1,mask,01-02-2023, 11:23:28
1,mask,01-02-2023, 11:23:29
1,mask,01-02-2023, 11:23:29
1,mask,01-02-2023, 11:23:29
1,mask,01-02-2023, 11:23:30
1,mask,01-02-2023, 11:23:30
1,mask,01-02-2023, 11:23:30
1,mask,01-02-2023, 11:23:31
1,mask,01-02-2023, 11:23:31
1,mask,01-02-2023, 11:23:31
1,mask,01-02-2023, 11:23:32
(no,detections),01-02-2023, 11:23:32
(no,detections),01-02-2023, 11:23:32
(no,detections),01-02-2023, 11:23:33
1,"mask,",1,nomask,01-02-2023, 11:23:33
1,"mask,",1,nomask,01-02-2023, 11:23:33
1,"mask,",1,nomask,01-02-2023, 11:23:34
1,"mask,",1,nomask,01-02-2023, 11:23:34
1,"mask,",1,nomask,01-02-2023, 11:23:35
1,mask,01-02-2023, 11:23:35
1,"mask,",1,nomask,01-02-2023, 11:23:35
1,mask,01-02-2023, 11:23:36
1,mask,01-02-2023, 11:23:36
1,"mask,",1,nomask,01-02-2023, 11:23:36
1,"mask,",1,nomask,01-02-2023, 11:23:37
1,"mask,",1,nomask,01-02-2023, 11:23:37
1,"mask,",1,nomask,01-02-2023, 11:23:37
1,"mask,",1,nomask,01-02-2023, 11:23:38
1,"mask,",1,nomask,01-02-2023, 11:23:38
1,"mask,",1,nomask,01-02-2023, 11:23:38
1,"mask,",1,nomask,01-02-2023, 11:23:39
1,"mask,",1,nomask,01-02-2023, 11:23:39
1,"mask,",1,nomask,01-02-2023, 11:23:39
1,"mask,",1,nomask,01-02-2023, 11:23:40
1,"mask,",1,nomask,01-02-2023, 11:23:40
1,"mask,",1,nomask,01-02-2023, 11:23:40
1,"mask,",1,nomask,01-02-2023, 11:23:41
1,mask,01-02-2023, 11:23:41
1,mask,01-02-2023, 11:23:42
1,mask,01-02-2023, 11:23:42
1,mask,01-02-2023, 11:23:42
1,mask,01-02-2023, 11:23:43
1,mask,01-02-2023, 11:23:43
1,mask,01-02-2023, 11:23:43
1,mask,01-02-2023, 11:23:44
1,mask,01-02-2023, 11:23:44
1,mask,01-02-2023, 11:23:44
1,mask,01-02-2023, 11:23:45
1,mask,01-02-2023, 11:23:45
1,mask,01-02-2023, 11:23:45
1,mask,01-02-2023, 11:23:46
1,mask,01-02-2023, 11:23:46
1,mask,01-02-2023, 11:23:46
1,mask,01-02-2023, 11:23:47
1,mask,01-02-2023, 11:23:47
1,mask,01-02-2023, 11:23:47
1,mask,01-02-2023, 11:23:48
1,mask,01-02-2023, 11:23:48
1,mask,01-02-2023, 11:23:48
1,mask,01-02-2023, 11:23:49
1,mask,01-02-2023, 11:23:49
1,mask,01-02-2023, 11:23:49
1,mask,01-02-2023, 11:23:50
1,mask,01-02-2023, 11:23:50
1,mask,01-02-2023, 11:23:50
1,mask,01-02-2023, 11:23:51
1,mask,01-02-2023, 11:23:51
1,mask,01-02-2023, 11:23:52
1,mask,01-02-2023, 11:23:52
1,mask,01-02-2023, 11:23:52
1,mask,01-02-2023, 11:23:53
1,mask,01-02-2023, 11:23:53
1,mask,01-02-2023, 11:23:54
1,mask,01-02-2023, 11:23:54
1,mask,01-02-2023, 11:23:55
1,mask,01-02-2023, 11:23:55
1,mask,01-02-2023, 11:23:55
1,mask,01-02-2023, 11:23:56
1,mask,01-02-2023, 11:23:56
1,mask,01-02-2023, 11:23:56
1,mask,01-02-2023, 11:23:57
1,mask,01-02-2023, 11:23:57
1,mask,01-02-2023, 11:23:58
1,mask,01-02-2023, 11:23:58
1,mask,01-02-2023, 11:23:58
1,mask,01-02-2023, 11:23:59
1,mask,01-02-2023, 11:23:59
1,mask,01-02-2023, 11:23:59
1,mask,01-02-2023, 11:24:00
1,mask,01-02-2023, 11:24:00
1,mask,01-02-2023, 11:24:00
1,mask,01-02-2023, 11:24:01
1,mask,01-02-2023, 11:24:01
1,mask,01-02-2023, 11:24:01
1,mask,01-02-2023, 11:24:02
1,mask,01-02-2023, 11:24:02
1,mask,01-02-2023, 11:24:03
1,mask,01-02-2023, 11:24:03
1,mask,01-02-2023, 11:24:03
1,mask,01-02-2023, 11:24:04
1,mask,01-02-2023, 11:24:04
1,mask,01-02-2023, 11:24:05
1,mask,01-02-2023, 11:24:05
1,mask,01-02-2023, 11:24:06
1,mask,01-02-2023, 11:24:06
1,mask,01-02-2023, 11:24:06
1,mask,01-02-2023, 11:24:07
1,mask,01-02-2023, 11:24:07
1,mask,01-02-2023, 11:24:07
1,mask,01-02-2023, 11:24:08
1,mask,01-02-2023, 11:24:08
1,mask,01-02-2023, 11:24:09
1,mask,01-02-2023, 11:24:09
1,mask,01-02-2023, 11:24:09
1,mask,01-02-2023, 11:24:10
1,mask,01-02-2023, 11:24:10
1,mask,01-02-2023, 11:24:10
1,mask,01-02-2023, 11:24:11
1,mask,01-02-2023, 11:24:11
1,mask,01-02-2023, 11:24:12
1,mask,01-02-2023, 11:24:12
1,mask,01-02-2023, 11:24:12
1,mask,01-02-2023, 11:24:13
1,mask,01-02-2023, 11:24:13
1,mask,01-02-2023, 11:24:13
1,mask,01-02-2023, 11:24:14
1,mask,01-02-2023, 11:24:14
1,mask,01-02-2023, 11:24:14
1,mask,01-02-2023, 11:24:15
1,mask,01-02-2023, 11:24:15
1,mask,01-02-2023, 11:24:16
1,mask,01-02-2023, 11:24:16
1,mask,01-02-2023, 11:24:16
1,mask,01-02-2023, 11:24:17
1,mask,01-02-2023, 11:24:17
1,mask,01-02-2023, 11:24:17
1,mask,01-02-2023, 11:24:18
1,mask,01-02-2023, 11:24:18
1,mask,01-02-2023, 11:24:18
1,mask,01-02-2023, 11:24:19
1,mask,01-02-2023, 11:24:19
1,mask,01-02-2023, 11:24:20
1,mask,01-02-2023, 11:24:20
1,mask,01-02-2023, 11:24:20
1,mask,01-02-2023, 11:24:21
1,mask,01-02-2023, 11:24:21
1,mask,01-02-2023, 11:24:21
1,mask,01-02-2023, 11:24:22
1,mask,01-02-2023, 11:24:22
1,mask,01-02-2023, 11:24:22
1,mask,01-02-2023, 11:24:23
1,mask,01-02-2023, 11:24:23
1,mask,01-02-2023, 11:24:24
1,mask,01-02-2023, 11:24:24
1,mask,01-02-2023, 11:24:24
1,mask,01-02-2023, 11:24:25
1,mask,01-02-2023, 11:24:25
1,mask,01-02-2023, 11:24:25
1,mask,01-02-2023, 11:24:26
1,mask,01-02-2023, 11:24:26
1,mask,01-02-2023, 11:24:27
1,mask,01-02-2023, 11:24:27
1,mask,01-02-2023, 11:24:27
1,mask,01-02-2023, 11:24:28
1,mask,01-02-2023, 11:24:28
1,mask,01-02-2023, 11:24:28
1,mask,01-02-2023, 11:24:29
1,mask,01-02-2023, 11:24:29
1,mask,01-02-2023, 11:24:29
1,mask,01-02-2023, 11:24:30
1,mask,01-02-2023, 11:24:30
1,mask,01-02-2023, 11:24:31
1,mask,01-02-2023, 11:24:31
1,mask,01-02-2023, 11:24:31
1,mask,01-02-2023, 11:24:32
1,mask,01-02-2023, 11:24:32
1,mask,01-02-2023, 11:24:32
1,mask,01-02-2023, 11:24:33
1,mask,01-02-2023, 11:24:33
1,mask,01-02-2023, 11:24:34
1,mask,01-02-2023, 11:24:34
1,mask,01-02-2023, 11:24:34
1,mask,01-02-2023, 11:24:35
1,mask,01-02-2023, 11:24:35
1,mask,01-02-2023, 11:24:35
1,mask,01-02-2023, 11:24:36
1,mask,01-02-2023, 11:24:36
1,mask,01-02-2023, 11:24:36
1,mask,01-02-2023, 11:24:37
1,mask,01-02-2023, 11:24:37
1,mask,01-02-2023, 11:24:38
1,mask,01-02-2023, 11:24:38
1,mask,01-02-2023, 11:24:38
1,mask,01-02-2023, 11:24:39
1,mask,01-02-2023, 11:24:39
1,mask,01-02-2023, 11:24:39
1,mask,01-02-2023, 11:24:40
1,mask,01-02-2023, 11:24:40
1,mask,01-02-2023, 11:24:40
1,mask,01-02-2023, 11:24:41
1,mask,01-02-2023, 11:24:41
1,mask,01-02-2023, 11:24:42
1,mask,01-02-2023, 11:24:42
1,mask,01-02-2023, 11:24:42
1,mask,01-02-2023, 11:24:43
1,mask,01-02-2023, 11:24:43
1,mask,01-02-2023, 11:24:43
1,mask,01-02-2023, 11:24:44
1,mask,01-02-2023, 11:24:44
1,mask,01-02-2023, 11:24:45
1,mask,01-02-2023, 11:24:45
1,mask,01-02-2023, 11:24:45
1,mask,01-02-2023, 11:24:46
1,mask,01-02-2023, 11:24:46
1,mask,01-02-2023, 11:24:46
1,mask,01-02-2023, 11:24:47
1,mask,01-02-2023, 11:24:47
1,mask,01-02-2023, 11:24:47
1,mask,01-02-2023, 11:24:48
1,mask,01-02-2023, 11:24:48
1,mask,01-02-2023, 11:24:48
(no,detections),01-02-2023, 11:24:49
(no,detections),01-02-2023, 11:24:49
1,mask,01-02-2023, 11:24:50
1,mask,01-02-2023, 11:24:50
1,mask,01-02-2023, 11:24:50
1,mask,01-02-2023, 11:24:51
1,mask,01-02-2023, 11:24:51
1,mask,01-02-2023, 11:24:51
1,mask,01-02-2023, 11:24:52
1,mask,01-02-2023, 11:24:52
(no,detections),01-02-2023, 11:24:52
1,mask,01-02-2023, 11:24:53
1,mask,01-02-2023, 11:24:53
1,mask,01-02-2023, 11:24:54
1,mask,01-02-2023, 11:24:54
1,mask,01-02-2023, 11:24:54
1,mask,01-02-2023, 11:24:55
1,mask,01-02-2023, 11:24:55
1,mask,01-02-2023, 11:24:55
1,mask,01-02-2023, 11:24:56
1,mask,01-02-2023, 11:24:56
1,mask,01-02-2023, 11:24:56
1,mask,01-02-2023, 11:24:57
1,mask,01-02-2023, 11:24:57
1,mask,01-02-2023, 11:24:58
1,mask,01-02-2023, 11:24:58
1,mask,01-02-2023, 11:24:58
1,mask,01-02-2023, 11:24:59
1,mask,01-02-2023, 11:24:59
1,mask,01-02-2023, 11:24:59
1,mask,01-02-2023, 11:25:00
1,mask,01-02-2023, 11:25:00
1,mask,01-02-2023, 11:25:01
1,mask,01-02-2023, 11:25:01
1,mask,01-02-2023, 11:25:01
1,mask,01-02-2023, 11:25:02
1,mask,01-02-2023, 11:25:02
1,mask,01-02-2023, 11:25:02
1,mask,01-02-2023, 11:25:03
1,mask,01-02-2023, 11:25:03
1,mask,01-02-2023, 11:25:04
1,mask,01-02-2023, 11:25:04
1,mask,01-02-2023, 11:25:04
1,mask,01-02-2023, 11:25:05
1,mask,01-02-2023, 11:25:05
1,mask,01-02-2023, 11:25:05
1,mask,01-02-2023, 11:25:06
1,mask,01-02-2023, 11:25:06
1,mask,01-02-2023, 11:25:06
1,mask,01-02-2023, 11:25:07
1,mask,01-02-2023, 11:25:07
1,mask,01-02-2023, 11:25:08
1,mask,01-02-2023, 11:25:08
1,mask,01-02-2023, 11:25:08
1,mask,01-02-2023, 11:25:09
1,mask,01-02-2023, 11:25:09
1,mask,01-02-2023, 11:25:09
1,mask,01-02-2023, 11:25:10
1,mask,01-02-2023, 11:25:10
1,mask,01-02-2023, 11:25:10
1,mask,01-02-2023, 11:25:11
1,mask,01-02-2023, 11:25:11
1,mask,01-02-2023, 11:25:12
1,mask,01-02-2023, 11:25:12
1,mask,01-02-2023, 11:25:12
1,mask,01-02-2023, 11:25:13
1,mask,01-02-2023, 11:25:13
1,mask,01-02-2023, 11:25:13
1,mask,01-02-2023, 11:25:14
1,mask,01-02-2023, 11:25:14
1,mask,01-02-2023, 11:25:14
1,mask,01-02-2023, 11:25:15
1,mask,01-02-2023, 11:25:15
(no,detections),01-02-2023, 11:25:16
(no,detections),01-02-2023, 11:25:16
1,mask,01-02-2023, 11:25:16
1,mask,01-02-2023, 11:25:17
1,mask,01-02-2023, 11:25:17
1,mask,01-02-2023, 11:25:17
1,mask,01-02-2023, 11:25:18
1,mask,01-02-2023, 11:25:18
1,mask,01-02-2023, 11:25:19
1,mask,01-02-2023, 11:25:19
1,mask,01-02-2023, 11:25:20
1,mask,01-02-2023, 11:25:20
1,mask,01-02-2023, 11:25:20
1,mask,01-02-2023, 11:25:21
1,mask,01-02-2023, 11:25:21
1,mask,01-02-2023, 11:25:22
1,mask,01-02-2023, 11:25:22
1,mask,01-02-2023, 11:25:22
1,mask,01-02-2023, 11:25:23
1,mask,01-02-2023, 11:25:23
1,mask,01-02-2023, 11:25:23
1,mask,01-02-2023, 11:25:24
(no,detections),01-02-2023, 11:25:24
(no,detections),01-02-2023, 11:25:25
1,mask,01-02-2023, 11:25:25
1,mask,01-02-2023, 11:25:25
1,mask,01-02-2023, 11:25:26
1,mask,01-02-2023, 11:25:26
1,mask,01-02-2023, 11:25:26
1,mask,01-02-2023, 11:25:27
1,mask,01-02-2023, 11:25:27
1,mask,01-02-2023, 11:25:28
1,mask,01-02-2023, 11:25:28
1,mask,01-02-2023, 11:25:28
1,mask,01-02-2023, 11:25:29
1,mask,01-02-2023, 11:25:29
1,mask,01-02-2023, 11:25:29
1,mask,01-02-2023, 11:25:30
1,mask,01-02-2023, 11:25:30
1,mask,01-02-2023, 11:25:31
1,mask,01-02-2023, 11:25:31
1,mask,01-02-2023, 11:25:31
1,mask,01-02-2023, 11:25:32
1,mask,01-02-2023, 11:25:32
1,mask,01-02-2023, 11:25:32
1,mask,01-02-2023, 11:25:33
1,mask,01-02-2023, 11:25:33
1,mask,01-02-2023, 11:25:33
1,mask,01-02-2023, 11:25:34
1,mask,01-02-2023, 11:25:34
1,mask,01-02-2023, 11:25:35
1,mask,01-02-2023, 11:25:35
(no,detections),01-02-2023, 11:25:35
(no,detections),01-02-2023, 11:25:36
1,mask,01-02-2023, 11:25:36
1,mask,01-02-2023, 11:25:36
1,mask,01-02-2023, 11:25:37
1,mask,01-02-2023, 11:25:37
1,mask,01-02-2023, 11:25:37
1,mask,01-02-2023, 11:25:38
1,mask,01-02-2023, 11:25:38
1,mask,01-02-2023, 11:25:39
1,mask,01-02-2023, 11:25:39
1,mask,01-02-2023, 11:25:39
1,mask,01-02-2023, 11:25:40
1,mask,01-02-2023, 11:25:40
1,mask,01-02-2023, 11:25:40
1,mask,01-02-2023, 11:25:41
1,mask,01-02-2023, 11:25:41
1,"mask,",1,nomask,01-02-2023, 11:25:42
1,"mask,",1,nomask,01-02-2023, 11:25:42
1,"mask,",1,nomask,01-02-2023, 11:25:42
1,mask,01-02-2023, 11:25:43
1,mask,01-02-2023, 11:25:43
1,mask,01-02-2023, 11:25:43
1,mask,01-02-2023, 11:25:44
1,mask,01-02-2023, 11:25:44
1,mask,01-02-2023, 11:25:45
1,mask,01-02-2023, 11:25:45
1,mask,01-02-2023, 11:25:45
1,"mask,",1,nomask,01-02-2023, 11:25:46
1,mask,01-02-2023, 11:25:46
1,mask,01-02-2023, 11:25:46
1,mask,01-02-2023, 11:25:47
1,mask,01-02-2023, 11:25:47
1,mask,01-02-2023, 11:25:47
1,mask,01-02-2023, 11:25:48
1,mask,01-02-2023, 11:25:48
1,mask,01-02-2023, 11:25:49
1,mask,01-02-2023, 11:25:49
1,mask,01-02-2023, 11:25:49
1,mask,01-02-2023, 11:25:50
1,mask,01-02-2023, 11:25:50
1,"mask,",1,nomask,01-02-2023, 11:25:50
1,mask,01-02-2023, 11:25:51
1,mask,01-02-2023, 11:25:51
1,mask,01-02-2023, 11:25:52
1,mask,01-02-2023, 11:25:52
1,mask,01-02-2023, 11:25:52
1,mask,01-02-2023, 11:25:53
1,mask,01-02-2023, 11:25:53
1,mask,01-02-2023, 11:25:53
1,mask,01-02-2023, 11:25:54
1,mask,01-02-2023, 11:25:54
1,mask,01-02-2023, 11:25:54
1,mask,01-02-2023, 11:25:55
1,mask,01-02-2023, 11:25:55
1,mask,01-02-2023, 11:25:56
1,mask,01-02-2023, 11:25:56
1,mask,01-02-2023, 11:25:56
1,mask,01-02-2023, 11:25:57
1,mask,01-02-2023, 11:25:57
1,mask,01-02-2023, 11:25:57
1,mask,01-02-2023, 11:25:58
1,mask,01-02-2023, 11:25:58
1,mask,01-02-2023, 11:25:58
1,mask,01-02-2023, 11:25:59
1,mask,01-02-2023, 11:25:59
1,mask,01-02-2023, 11:26:00
1,mask,01-02-2023, 11:26:00
1,mask,01-02-2023, 11:26:00
1,mask,01-02-2023, 11:26:01
1,mask,01-02-2023, 11:26:01
1,mask,01-02-2023, 11:26:01
1,mask,01-02-2023, 11:26:02
1,mask,01-02-2023, 11:26:02
1,mask,01-02-2023, 11:26:03
1,mask,01-02-2023, 11:26:03
1,mask,01-02-2023, 11:26:03
1,mask,01-02-2023, 11:26:04
1,mask,01-02-2023, 11:26:04
1,mask,01-02-2023, 11:26:04
1,mask,01-02-2023, 11:26:05
1,mask,01-02-2023, 11:26:05
1,mask,01-02-2023, 11:26:05
1,mask,01-02-2023, 11:26:06
1,mask,01-02-2023, 11:26:06
1,mask,01-02-2023, 11:26:07
1,mask,01-02-2023, 11:26:07
1,mask,01-02-2023, 11:26:07
1,mask,01-02-2023, 11:26:08
1,mask,01-02-2023, 11:26:08
1,mask,01-02-2023, 11:26:08
1,mask,01-02-2023, 11:26:09
1,mask,01-02-2023, 11:26:09
1,mask,01-02-2023, 11:26:09
1,mask,01-02-2023, 11:26:10
1,mask,01-02-2023, 11:26:10
1,mask,01-02-2023, 11:26:11
1,mask,01-02-2023, 11:26:11
1,mask,01-02-2023, 11:26:11
1,mask,01-02-2023, 11:26:12
1,mask,01-02-2023, 11:26:12
1,mask,01-02-2023, 11:26:12
1,mask,01-02-2023, 11:26:13
1,mask,01-02-2023, 11:26:13
1,mask,01-02-2023, 11:26:13
1,mask,01-02-2023, 11:26:14
1,mask,01-02-2023, 11:26:14
1,mask,01-02-2023, 11:26:15
1,mask,01-02-2023, 11:26:15
1,mask,01-02-2023, 11:26:15
1,mask,01-02-2023, 11:26:16
1,mask,01-02-2023, 11:26:16
1,mask,01-02-2023, 11:26:17
1,mask,01-02-2023, 11:26:17
1,mask,01-02-2023, 11:26:17
1,mask,01-02-2023, 11:26:18
1,mask,01-02-2023, 11:26:18
1,mask,01-02-2023, 11:26:19
1,mask,01-02-2023, 11:26:19
1,mask,01-02-2023, 11:26:19
1,mask,01-02-2023, 11:26:20
1,mask,01-02-2023, 11:26:20
1,mask,01-02-2023, 11:26:20
1,mask,01-02-2023, 11:26:21
1,mask,01-02-2023, 11:26:21
1,mask,01-02-2023, 11:26:22
1,mask,01-02-2023, 11:26:22
1,mask,01-02-2023, 11:26:22
1,mask,01-02-2023, 11:26:23
1,mask,01-02-2023, 11:26:23
1,mask,01-02-2023, 11:26:23
1,mask,01-02-2023, 11:26:24
1,mask,01-02-2023, 11:26:24
1,mask,01-02-2023, 11:26:24
1,mask,01-02-2023, 11:26:25
1,mask,01-02-2023, 11:26:25
1,mask,01-02-2023, 11:26:26
1,mask,01-02-2023, 11:26:26
1,mask,01-02-2023, 11:26:26
1,mask,01-02-2023, 11:26:27
1,mask,01-02-2023, 11:26:27
1,mask,01-02-2023, 11:26:27
1,mask,01-02-2023, 11:26:28
1,mask,01-02-2023, 11:26:28
1,mask,01-02-2023, 11:26:29
1,mask,01-02-2023, 11:26:29
1,mask,01-02-2023, 11:26:29
1,mask,01-02-2023, 11:26:30
1,mask,01-02-2023, 11:26:30
1,mask,01-02-2023, 11:26:30
1,mask,01-02-2023, 11:26:31
1,mask,01-02-2023, 11:26:31
1,mask,01-02-2023, 11:26:31
1,mask,01-02-2023, 11:26:32
1,mask,01-02-2023, 11:26:32
1,mask,01-02-2023, 11:26:32
1,mask,01-02-2023, 11:26:33
1,mask,01-02-2023, 11:26:33
1,mask,01-02-2023, 11:26:34
1,mask,01-02-2023, 11:26:34
1,mask,01-02-2023, 11:26:34
1,mask,01-02-2023, 11:26:35
1,mask,01-02-2023, 11:26:35
1,mask,01-02-2023, 11:26:35
1,mask,01-02-2023, 11:26:36
1,mask,01-02-2023, 11:26:36
1,mask,01-02-2023, 11:26:37
1,mask,01-02-2023, 11:26:37
1,mask,01-02-2023, 11:26:37
1,mask,01-02-2023, 11:26:38
1,mask,01-02-2023, 11:26:38
1,mask,01-02-2023, 11:26:38
1,mask,01-02-2023, 11:26:39
1,mask,01-02-2023, 11:26:39
1,mask,01-02-2023, 11:26:39
1,mask,01-02-2023, 11:26:40
1,mask,01-02-2023, 11:26:40
1,mask,01-02-2023, 11:26:40
1,mask,01-02-2023, 11:26:41
1,mask,01-02-2023, 11:26:41
1,mask,01-02-2023, 11:26:41
1,mask,01-02-2023, 11:26:42
1,mask,01-02-2023, 11:26:42
1,mask,01-02-2023, 11:26:42
1,mask,01-02-2023, 11:26:43
1,mask,01-02-2023, 11:26:43
1,mask,01-02-2023, 11:26:44
1,mask,01-02-2023, 11:26:44
1,mask,01-02-2023, 11:26:44
1,mask,01-02-2023, 11:26:45
1,mask,01-02-2023, 11:26:45
1,mask,01-02-2023, 11:26:45
1,mask,01-02-2023, 11:26:46
1,mask,01-02-2023, 11:26:46
1,mask,01-02-2023, 11:26:46
1,mask,01-02-2023, 11:26:47
1,mask,01-02-2023, 11:26:47
1,mask,01-02-2023, 11:26:48
1,mask,01-02-2023, 11:26:48
1,mask,01-02-2023, 11:26:48
1,mask,01-02-2023, 11:26:49
1,mask,01-02-2023, 11:26:49
1,mask,01-02-2023, 11:26:49
1,mask,01-02-2023, 11:26:50
1,mask,01-02-2023, 11:26:50
1,mask,01-02-2023, 11:26:50
1,mask,01-02-2023, 11:26:51
1,mask,01-02-2023, 11:26:51
1,mask,01-02-2023, 11:26:52
1,mask,01-02-2023, 11:26:52
1,mask,01-02-2023, 11:26:52
1,mask,01-02-2023, 11:26:53
1,mask,01-02-2023, 11:26:53
1,mask,01-02-2023, 11:26:53
1,mask,01-02-2023, 11:26:54
1,mask,01-02-2023, 11:26:54
1,mask,01-02-2023, 11:26:54
1,mask,01-02-2023, 11:26:55
1,mask,01-02-2023, 11:26:55
1,mask,01-02-2023, 11:26:56
1,mask,01-02-2023, 11:26:56
1,mask,01-02-2023, 11:26:56
1,mask,01-02-2023, 11:26:57
1,mask,01-02-2023, 11:26:57
1,mask,01-02-2023, 11:26:57
1,mask,01-02-2023, 11:26:58
1,mask,01-02-2023, 11:26:58
1,mask,01-02-2023, 11:26:59
1,mask,01-02-2023, 11:26:59
1,mask,01-02-2023, 11:26:59
1,mask,01-02-2023, 11:27:00
1,mask,01-02-2023, 11:27:00
1,mask,01-02-2023, 11:27:00
1,mask,01-02-2023, 11:27:01
1,mask,01-02-2023, 11:27:01
1,mask,01-02-2023, 11:27:01
1,mask,01-02-2023, 11:27:02
1,mask,01-02-2023, 11:27:02
1,mask,01-02-2023, 11:27:03
1,mask,01-02-2023, 11:27:03
1,mask,01-02-2023, 11:27:03
1,mask,01-02-2023, 11:27:04
1,mask,01-02-2023, 11:27:04
1,mask,01-02-2023, 11:27:04
1,mask,01-02-2023, 11:27:05
1,mask,01-02-2023, 11:27:05
1,mask,01-02-2023, 11:27:06
1,mask,01-02-2023, 11:27:06
1,mask,01-02-2023, 11:27:06
1,mask,01-02-2023, 11:27:07
1,mask,01-02-2023, 11:27:07
1,mask,01-02-2023, 11:27:07
1,mask,01-02-2023, 11:27:08
1,mask,01-02-2023, 11:27:08
1,mask,01-02-2023, 11:27:09
1,mask,01-02-2023, 11:27:09
1,mask,01-02-2023, 11:27:09
1,mask,01-02-2023, 11:27:10
1,mask,01-02-2023, 11:27:10
1,mask,01-02-2023, 11:27:10
1,mask,01-02-2023, 11:27:11
1,mask,01-02-2023, 11:27:11
1,mask,01-02-2023, 11:27:12
1,mask,01-02-2023, 11:27:12
1,mask,01-02-2023, 11:27:12
1,mask,01-02-2023, 11:27:13
1,mask,01-02-2023, 11:27:13
1,mask,01-02-2023, 11:27:13
1,mask,01-02-2023, 11:27:14
1,mask,01-02-2023, 11:27:14
1,mask,01-02-2023, 11:27:14
1,mask,01-02-2023, 11:27:15
1,mask,01-02-2023, 11:27:15
1,mask,01-02-2023, 11:27:15
1,mask,01-02-2023, 11:27:16
1,mask,01-02-2023, 11:27:16
1,mask,01-02-2023, 11:27:17
1,mask,01-02-2023, 11:27:17
1,mask,01-02-2023, 11:27:17
1,mask,01-02-2023, 11:27:18
1,mask,01-02-2023, 11:27:18
1,mask,01-02-2023, 11:27:18
1,mask,01-02-2023, 11:27:19
1,mask,01-02-2023, 11:27:19
1,mask,01-02-2023, 11:27:20
1,mask,01-02-2023, 11:27:20
1,mask,01-02-2023, 11:27:21
1,mask,01-02-2023, 11:27:21
1,mask,01-02-2023, 11:27:21
1,mask,01-02-2023, 11:27:22
1,mask,01-02-2023, 11:27:22
1,mask,01-02-2023, 11:27:22
1,mask,01-02-2023, 11:27:23
1,mask,01-02-2023, 11:27:23
1,mask,01-02-2023, 11:27:23
1,mask,01-02-2023, 11:27:24
1,mask,01-02-2023, 11:27:24
1,mask,01-02-2023, 11:27:24
1,mask,01-02-2023, 11:27:25
1,mask,01-02-2023, 11:27:25
1,mask,01-02-2023, 11:27:25
1,mask,01-02-2023, 11:27:26
1,mask,01-02-2023, 11:27:26
1,mask,01-02-2023, 11:27:27
1,mask,01-02-2023, 11:27:27
1,mask,01-02-2023, 11:27:27
1,mask,01-02-2023, 11:27:28
1,mask,01-02-2023, 11:27:28
1,mask,01-02-2023, 11:27:28
1,mask,01-02-2023, 11:27:29
1,mask,01-02-2023, 11:27:29
1,mask,01-02-2023, 11:27:29
1,mask,01-02-2023, 11:27:30
1,mask,01-02-2023, 11:27:30
1,mask,01-02-2023, 11:27:30
1,mask,01-02-2023, 11:27:31
1,mask,01-02-2023, 11:27:31
1,mask,01-02-2023, 11:27:32
1,mask,01-02-2023, 11:27:32
1,mask,01-02-2023, 11:27:32
1,mask,01-02-2023, 11:27:33
1,mask,01-02-2023, 11:27:33
1,mask,01-02-2023, 11:27:33
1,mask,01-02-2023, 11:27:34
1,mask,01-02-2023, 11:27:34
1,mask,01-02-2023, 11:27:34
1,mask,01-02-2023, 11:27:35
1,mask,01-02-2023, 11:27:35
1,mask,01-02-2023, 11:27:35
1,mask,01-02-2023, 11:27:36
1,mask,01-02-2023, 11:27:36
1,mask,01-02-2023, 11:27:36
1,mask,01-02-2023, 11:27:37
1,mask,01-02-2023, 11:27:37
1,mask,01-02-2023, 11:27:37
1,mask,01-02-2023, 11:27:38
1,mask,01-02-2023, 11:27:38
1,mask,01-02-2023, 11:27:38
1,mask,01-02-2023, 11:27:39
1,mask,01-02-2023, 11:27:39
1,mask,01-02-2023, 11:27:39
1,mask,01-02-2023, 11:27:40
1,mask,01-02-2023, 11:27:40
1,mask,01-02-2023, 11:27:41
1,mask,01-02-2023, 11:27:41
1,mask,01-02-2023, 11:27:41
1,mask,01-02-2023, 11:27:42
1,mask,01-02-2023, 11:27:42
1,mask,01-02-2023, 11:27:42
1,mask,01-02-2023, 11:27:43
1,mask,01-02-2023, 11:27:43
1,mask,01-02-2023, 11:27:43
1,mask,01-02-2023, 11:27:44
1,mask,01-02-2023, 11:27:44
1,mask,01-02-2023, 11:27:44
1,mask,01-02-2023, 11:27:45
1,mask,01-02-2023, 11:27:45
1,mask,01-02-2023, 11:27:45
1,mask,01-02-2023, 11:27:46
1,mask,01-02-2023, 11:27:46
1,mask,01-02-2023, 11:27:47
1,mask,01-02-2023, 11:27:47
1,mask,01-02-2023, 11:27:47
1,mask,01-02-2023, 11:27:48
1,mask,01-02-2023, 11:27:48
1,mask,01-02-2023, 11:27:48
1,mask,01-02-2023, 11:27:49
1,mask,01-02-2023, 11:27:49
1,mask,01-02-2023, 11:27:49
1,mask,01-02-2023, 11:27:50
1,mask,01-02-2023, 11:27:50
1,mask,01-02-2023, 11:27:50
1,mask,01-02-2023, 11:27:51
1,mask,01-02-2023, 11:27:51
1,mask,01-02-2023, 11:27:51
1,mask,01-02-2023, 11:27:52
1,mask,01-02-2023, 11:27:52
1,mask,01-02-2023, 11:27:52
1,mask,01-02-2023, 11:27:53
1,mask,01-02-2023, 11:27:53
1,mask,01-02-2023, 11:27:53
1,mask,01-02-2023, 11:27:54
1,mask,01-02-2023, 11:27:54
1,mask,01-02-2023, 11:27:54
1,mask,01-02-2023, 11:27:55
1,mask,01-02-2023, 11:27:55
1,mask,01-02-2023, 11:27:55
1,mask,01-02-2023, 11:27:56
1,mask,01-02-2023, 11:27:56
1,mask,01-02-2023, 11:27:56
1,mask,01-02-2023, 11:27:57
1,mask,01-02-2023, 11:27:57
1,mask,01-02-2023, 11:27:58
1,mask,01-02-2023, 11:27:58
1,mask,01-02-2023, 11:27:58
1,mask,01-02-2023, 11:27:59
1,mask,01-02-2023, 11:27:59
1,mask,01-02-2023, 11:27:59
1,mask,01-02-2023, 11:28:00
1,mask,01-02-2023, 11:28:00
1,mask,01-02-2023, 11:28:00
1,mask,01-02-2023, 11:28:01
1,mask,01-02-2023, 11:28:01
1,mask,01-02-2023, 11:28:01
1,mask,01-02-2023, 11:28:02
1,mask,01-02-2023, 11:28:02
1,mask,01-02-2023, 11:28:03
1,mask,01-02-2023, 11:28:03
1,mask,01-02-2023, 11:28:04
1,mask,01-02-2023, 11:28:04
1,mask,01-02-2023, 11:28:04
1,mask,01-02-2023, 11:28:05
1,mask,01-02-2023, 11:28:05
1,mask,01-02-2023, 11:28:06
1,mask,01-02-2023, 11:28:06
1,mask,01-02-2023, 11:28:07
1,mask,01-02-2023, 11:28:07
1,mask,01-02-2023, 11:28:07
1,mask,01-02-2023, 11:28:08
1,mask,01-02-2023, 11:28:08
1,mask,01-02-2023, 11:28:08
1,mask,01-02-2023, 11:28:09
1,mask,01-02-2023, 11:28:09
1,mask,01-02-2023, 11:28:09
1,mask,01-02-2023, 11:28:10
1,mask,01-02-2023, 11:28:10
1,mask,01-02-2023, 11:28:10
1,mask,01-02-2023, 11:28:11
1,mask,01-02-2023, 11:28:11
1,mask,01-02-2023, 11:28:11
1,mask,01-02-2023, 11:28:12
1,mask,01-02-2023, 11:28:12
1,mask,01-02-2023, 11:28:12
1,mask,01-02-2023, 11:28:13
1,mask,01-02-2023, 11:28:13
1,mask,01-02-2023, 11:28:14
1,mask,01-02-2023, 11:28:14
1,mask,01-02-2023, 11:28:14
1,mask,01-02-2023, 11:28:15
1,mask,01-02-2023, 11:28:15
1,mask,01-02-2023, 11:28:15
1,mask,01-02-2023, 11:28:16
1,mask,01-02-2023, 11:28:16
1,mask,01-02-2023, 11:28:16
1,mask,01-02-2023, 11:28:17
1,mask,01-02-2023, 11:28:17
1,mask,01-02-2023, 11:28:17
1,mask,01-02-2023, 11:28:18
1,mask,01-02-2023, 11:28:18
1,mask,01-02-2023, 11:28:18
1,mask,01-02-2023, 11:28:19
1,mask,01-02-2023, 11:28:19
1,mask,01-02-2023, 11:28:19
1,mask,01-02-2023, 11:28:20
1,mask,01-02-2023, 11:28:20
1,mask,01-02-2023, 11:28:20
1,mask,01-02-2023, 11:28:21
1,mask,01-02-2023, 11:28:21
1,mask,01-02-2023, 11:28:21
1,mask,01-02-2023, 11:28:22
1,mask,01-02-2023, 11:28:22
1,mask,01-02-2023, 11:28:22
1,mask,01-02-2023, 11:28:23
1,mask,01-02-2023, 11:28:23
1,mask,01-02-2023, 11:28:23
1,mask,01-02-2023, 11:28:24
1,mask,01-02-2023, 11:28:24
(no,detections),01-02-2023, 11:28:25
1,mask,01-02-2023, 11:28:25
1,mask,01-02-2023, 11:28:25
1,mask,01-02-2023, 11:28:26
1,mask,01-02-2023, 11:28:26
1,mask,01-02-2023, 11:28:26
1,mask,01-02-2023, 11:28:27
1,mask,01-02-2023, 11:28:27
1,mask,01-02-2023, 11:28:27
1,mask,01-02-2023, 11:28:28
1,mask,01-02-2023, 11:28:28
1,mask,01-02-2023, 11:28:28
1,mask,01-02-2023, 11:28:29
1,mask,01-02-2023, 11:28:29
1,mask,01-02-2023, 11:28:29
1,mask,01-02-2023, 11:28:30
1,mask,01-02-2023, 11:28:30
1,nomask,01-02-2023, 11:28:31
1,mask,01-02-2023, 11:28:31
1,mask,01-02-2023, 11:28:31
1,mask,01-02-2023, 11:28:32
1,mask,01-02-2023, 11:28:32
1,mask,01-02-2023, 11:28:32
1,mask,01-02-2023, 11:28:33
1,mask,01-02-2023, 11:28:33
1,mask,01-02-2023, 11:28:33
1,mask,01-02-2023, 11:28:34
1,mask,01-02-2023, 11:28:34
1,mask,01-02-2023, 11:28:34
1,mask,01-02-2023, 11:28:35
1,mask,01-02-2023, 11:28:35
1,mask,01-02-2023, 11:28:35
1,mask,01-02-2023, 11:28:36
1,mask,01-02-2023, 11:28:36
1,mask,01-02-2023, 11:28:36
1,mask,01-02-2023, 11:28:37
1,mask,01-02-2023, 11:28:37
1,mask,01-02-2023, 11:28:38
1,mask,01-02-2023, 11:28:38
1,mask,01-02-2023, 11:28:38
1,mask,01-02-2023, 11:28:39
1,mask,01-02-2023, 11:28:39
1,mask,01-02-2023, 11:28:39
1,mask,01-02-2023, 11:28:40
1,mask,01-02-2023, 11:28:40
1,mask,01-02-2023, 11:28:40
1,mask,01-02-2023, 11:28:41
1,mask,01-02-2023, 11:28:41
1,mask,01-02-2023, 11:28:41
1,mask,01-02-2023, 11:28:42
1,mask,01-02-2023, 11:28:42
1,mask,01-02-2023, 11:28:42
1,mask,01-02-2023, 11:28:43
1,mask,01-02-2023, 11:28:43
1,mask,01-02-2023, 11:28:43
1,mask,01-02-2023, 11:28:44
1,mask,01-02-2023, 11:28:44
1,mask,01-02-2023, 11:28:44
1,mask,01-02-2023, 11:28:45
1,mask,01-02-2023, 11:28:45
1,mask,01-02-2023, 11:28:45
1,mask,01-02-2023, 11:28:46
1,mask,01-02-2023, 11:28:46
1,mask,01-02-2023, 11:28:46
1,mask,01-02-2023, 11:28:47
1,mask,01-02-2023, 11:28:47
1,mask,01-02-2023, 11:28:47
1,mask,01-02-2023, 11:28:48
1,mask,01-02-2023, 11:28:48
1,mask,01-02-2023, 11:28:49
1,mask,01-02-2023, 11:28:49
1,mask,01-02-2023, 11:28:49
1,mask,01-02-2023, 11:28:50
1,mask,01-02-2023, 11:28:50
1,mask,01-02-2023, 11:28:50
1,mask,01-02-2023, 11:28:51
1,mask,01-02-2023, 11:28:51
1,mask,01-02-2023, 11:28:51
1,mask,01-02-2023, 11:28:52
1,mask,01-02-2023, 11:28:52
1,mask,01-02-2023, 11:28:52
1,mask,01-02-2023, 11:28:53
1,mask,01-02-2023, 11:28:53
1,mask,01-02-2023, 11:28:53
1,mask,01-02-2023, 11:28:54
1,mask,01-02-2023, 11:28:54
1,mask,01-02-2023, 11:28:54
1,mask,01-02-2023, 11:28:55
1,mask,01-02-2023, 11:28:55
1,mask,01-02-2023, 11:28:56
1,mask,01-02-2023, 11:28:56
1,mask,01-02-2023, 11:28:56
1,mask,01-02-2023, 11:28:57
1,mask,01-02-2023, 11:28:57
1,mask,01-02-2023, 11:28:57
1,mask,01-02-2023, 11:28:58
1,mask,01-02-2023, 11:28:58
1,mask,01-02-2023, 11:28:58
1,mask,01-02-2023, 11:28:59
1,mask,01-02-2023, 11:28:59
1,mask,01-02-2023, 11:28:59
1,mask,01-02-2023, 11:29:00
1,mask,01-02-2023, 11:29:00
1,mask,01-02-2023, 11:29:00
1,mask,01-02-2023, 11:29:01
1,mask,01-02-2023, 11:29:01
1,mask,01-02-2023, 11:29:01
1,mask,01-02-2023, 11:29:02
1,mask,01-02-2023, 11:29:02
1,mask,01-02-2023, 11:29:03
1,mask,01-02-2023, 11:29:03
1,mask,01-02-2023, 11:29:03
1,mask,01-02-2023, 11:29:04
1,mask,01-02-2023, 11:29:04
1,mask,01-02-2023, 11:29:05
1,mask,01-02-2023, 11:29:05
1,mask,01-02-2023, 11:29:05
1,mask,01-02-2023, 11:29:06
1,mask,01-02-2023, 11:29:06
1,mask,01-02-2023, 11:29:06
1,mask,01-02-2023, 11:29:07
1,mask,01-02-2023, 11:29:07
1,mask,01-02-2023, 11:29:07
1,mask,01-02-2023, 11:29:08
1,mask,01-02-2023, 11:29:08
1,mask,01-02-2023, 11:29:08
1,mask,01-02-2023, 11:29:09
1,mask,01-02-2023, 11:29:09
1,mask,01-02-2023, 11:29:10
1,mask,01-02-2023, 11:29:10
1,mask,01-02-2023, 11:29:11
1,mask,01-02-2023, 11:29:11
1,mask,01-02-2023, 11:29:11
1,mask,01-02-2023, 11:29:12
1,mask,01-02-2023, 11:29:12
1,mask,01-02-2023, 11:29:13
1,mask,01-02-2023, 11:29:13
1,mask,01-02-2023, 11:29:13
1,mask,01-02-2023, 11:29:14
1,mask,01-02-2023, 11:29:14
1,mask,01-02-2023, 11:29:14
1,mask,01-02-2023, 11:29:15
1,mask,01-02-2023, 11:29:15
1,mask,01-02-2023, 11:29:16
1,mask,01-02-2023, 11:29:16
1,mask,01-02-2023, 11:29:16
1,mask,01-02-2023, 11:29:17
1,mask,01-02-2023, 11:29:17
1,mask,01-02-2023, 11:29:17
1,mask,01-02-2023, 11:29:18
1,mask,01-02-2023, 11:29:18
1,mask,01-02-2023, 11:29:19
1,mask,01-02-2023, 11:29:19
1,mask,01-02-2023, 11:29:19
1,mask,01-02-2023, 11:29:20
1,mask,01-02-2023, 11:29:20
1,mask,01-02-2023, 11:29:20
1,mask,01-02-2023, 11:29:21
1,mask,01-02-2023, 11:29:21
1,mask,01-02-2023, 11:29:22
1,mask,01-02-2023, 11:29:22
1,mask,01-02-2023, 11:29:22
1,mask,01-02-2023, 11:29:23
1,mask,01-02-2023, 11:29:23
1,mask,01-02-2023, 11:29:23
1,mask,01-02-2023, 11:29:24
1,mask,01-02-2023, 11:29:24
1,mask,01-02-2023, 11:29:24
1,mask,01-02-2023, 11:29:25
1,mask,01-02-2023, 11:29:25
1,mask,01-02-2023, 11:29:26
1,mask,01-02-2023, 11:29:26
1,mask,01-02-2023, 11:29:26
1,mask,01-02-2023, 11:29:27
1,mask,01-02-2023, 11:29:27
1,mask,01-02-2023, 11:29:27
1,mask,01-02-2023, 11:29:28
1,mask,01-02-2023, 11:29:28
1,mask,01-02-2023, 11:29:28
1,mask,01-02-2023, 11:29:29
1,mask,01-02-2023, 11:29:29
1,mask,01-02-2023, 11:29:30
1,mask,01-02-2023, 11:29:30
1,mask,01-02-2023, 11:29:30
1,mask,01-02-2023, 11:29:31
1,mask,01-02-2023, 11:29:31
1,mask,01-02-2023, 11:29:31
1,mask,01-02-2023, 11:29:32
1,mask,01-02-2023, 11:29:32
1,mask,01-02-2023, 11:29:33
1,mask,01-02-2023, 11:29:33
1,mask,01-02-2023, 11:29:33
1,mask,01-02-2023, 11:29:34
1,mask,01-02-2023, 11:29:34
1,mask,01-02-2023, 11:29:34
1,mask,01-02-2023, 11:29:35
1,mask,01-02-2023, 11:29:35
1,mask,01-02-2023, 11:29:36
1,mask,01-02-2023, 11:29:36
1,mask,01-02-2023, 11:29:36
1,mask,01-02-2023, 11:29:37
1,mask,01-02-2023, 11:29:37
1,mask,01-02-2023, 11:29:37
1,"mask,",1,nomask,01-02-2023, 11:29:38
1,"mask,",1,nomask,01-02-2023, 11:29:38
1,"mask,",1,nomask,01-02-2023, 11:29:38
1,"mask,",1,nomask,01-02-2023, 11:29:39
1,"mask,",1,nomask,01-02-2023, 11:29:39
1,"mask,",1,nomask,01-02-2023, 11:29:40
1,"mask,",1,nomask,01-02-2023, 11:29:40
1,"mask,",1,nomask,01-02-2023, 11:29:40
1,"mask,",1,nomask,01-02-2023, 11:29:41
1,"mask,",1,nomask,01-02-2023, 11:29:41
1,"mask,",1,nomask,01-02-2023, 11:29:41
1,"mask,",1,nomask,01-02-2023, 11:29:42
1,"mask,",1,nomask,01-02-2023, 11:29:42
1,"mask,",1,nomask,01-02-2023, 11:29:42
1,"mask,",1,nomask,01-02-2023, 11:29:43
1,"mask,",1,nomask,01-02-2023, 11:29:43
1,"mask,",1,nomask,01-02-2023, 11:29:44
1,"mask,",1,nomask,01-02-2023, 11:29:44
1,"mask,",1,nomask,01-02-2023, 11:29:44
1,"mask,",1,nomask,01-02-2023, 11:29:45
1,"mask,",1,nomask,01-02-2023, 11:29:45
1,"mask,",1,nomask,01-02-2023, 11:29:45
1,"mask,",1,nomask,01-02-2023, 11:29:46
1,"mask,",1,nomask,01-02-2023, 11:29:46
1,"mask,",1,nomask,01-02-2023, 11:29:47
1,"mask,",1,nomask,01-02-2023, 11:29:47
1,"mask,",1,nomask,01-02-2023, 11:29:47
1,"mask,",1,nomask,01-02-2023, 11:29:48
1,"mask,",1,nomask,01-02-2023, 11:29:48
1,"mask,",1,nomask,01-02-2023, 11:29:48
1,"mask,",1,nomask,01-02-2023, 11:29:49
1,"mask,",1,nomask,01-02-2023, 11:29:49
1,"mask,",1,nomask,01-02-2023, 11:29:50
1,"mask,",1,nomask,01-02-2023, 11:29:50
1,"mask,",1,nomask,01-02-2023, 11:29:50
1,"mask,",1,nomask,01-02-2023, 11:29:51
1,"mask,",1,nomask,01-02-2023, 11:29:51
1,"mask,",1,nomask,01-02-2023, 11:29:52
1,"mask,",1,nomask,01-02-2023, 11:29:52
1,"mask,",1,nomask,01-02-2023, 11:29:52
1,"mask,",1,nomask,01-02-2023, 11:29:53
1,"mask,",1,nomask,01-02-2023, 11:29:53
1,"mask,",1,nomask,01-02-2023, 11:29:54
1,"mask,",1,nomask,01-02-2023, 11:29:54
1,"mask,",1,nomask,01-02-2023, 11:29:54
1,"mask,",1,nomask,01-02-2023, 11:29:55
1,"mask,",1,nomask,01-02-2023, 11:29:55
1,"mask,",1,nomask,01-02-2023, 11:29:56
1,"mask,",1,nomask,01-02-2023, 11:29:56
1,"mask,",1,nomask,01-02-2023, 11:29:56
1,"mask,",1,nomask,01-02-2023, 11:29:57
1,"mask,",1,nomask,01-02-2023, 11:29:57
1,"mask,",1,nomask,01-02-2023, 11:29:57
1,"mask,",1,nomask,01-02-2023, 11:29:58
1,"mask,",1,nomask,01-02-2023, 11:29:58
1,"mask,",1,nomask,01-02-2023, 11:29:58
1,"mask,",1,nomask,01-02-2023, 11:29:59
1,"mask,",1,nomask,01-02-2023, 11:29:59
1,"mask,",1,nomask,01-02-2023, 11:30:00
1,"mask,",1,nomask,01-02-2023, 11:30:00
1,"mask,",1,nomask,01-02-2023, 11:30:01
1,"mask,",1,nomask,01-02-2023, 11:30:01
1,"mask,",1,nomask,01-02-2023, 11:30:01
1,"mask,",1,nomask,01-02-2023, 11:30:02
1,"mask,",1,nomask,01-02-2023, 11:30:02
1,"mask,",1,nomask,01-02-2023, 11:30:03
1,"mask,",1,nomask,01-02-2023, 11:30:03
1,"mask,",1,nomask,01-02-2023, 11:30:03
1,"mask,",1,nomask,01-02-2023, 11:30:04
(no,detections),01-02-2023, 11:30:04
1,nomask,01-02-2023, 11:30:04
1,nomask,01-02-2023, 11:30:05
1,nomask,01-02-2023, 11:30:05
1,nomask,01-02-2023, 11:30:06
(no,detections),01-02-2023, 11:30:06
1,nomask,01-02-2023, 11:30:06
1,"mask,",1,nomask,01-02-2023, 11:30:07
1,"mask,",1,nomask,01-02-2023, 11:30:07
1,"mask,",1,nomask,01-02-2023, 11:30:07
1,"mask,",1,nomask,01-02-2023, 11:30:08
1,nomask,01-02-2023, 11:30:08
1,mask,01-02-2023, 11:30:08
1,mask,01-02-2023, 11:30:09
1,"mask,",1,nomask,01-02-2023, 11:30:09
1,"mask,",1,nomask,01-02-2023, 11:30:10
1,mask,01-02-2023, 11:30:10
1,mask,01-02-2023, 11:30:10
1,mask,01-02-2023, 11:30:11
1,nomask,01-02-2023, 11:30:11
1,nomask,01-02-2023, 11:30:11
1,nomask,01-02-2023, 11:30:12
1,nomask,01-02-2023, 11:30:12
1,nomask,01-02-2023, 11:30:12
1,nomask,01-02-2023, 11:30:13
1,nomask,01-02-2023, 11:30:13
1,nomask,01-02-2023, 11:30:14
1,nomask,01-02-2023, 11:30:14
1,nomask,01-02-2023, 11:30:14
1,nomask,01-02-2023, 11:30:15
1,nomask,01-02-2023, 11:30:15
1,nomask,01-02-2023, 11:30:15
1,nomask,01-02-2023, 11:30:16
1,nomask,01-02-2023, 11:30:16
1,mask,01-02-2023, 11:30:17
1,mask,01-02-2023, 11:30:17
1,mask,01-02-2023, 11:30:17
1,mask,01-02-2023, 11:30:18
1,mask,01-02-2023, 11:30:18
1,mask,01-02-2023, 11:30:18
1,nomask,01-02-2023, 11:30:19
1,nomask,01-02-2023, 11:30:19
1,nomask,01-02-2023, 11:30:19
1,nomask,01-02-2023, 11:30:20
1,nomask,01-02-2023, 11:30:20
1,nomask,01-02-2023, 11:30:21
1,nomask,01-02-2023, 11:30:21
1,nomask,01-02-2023, 11:30:21
1,nomask,01-02-2023, 11:30:22
1,nomask,01-02-2023, 11:30:22
1,nomask,01-02-2023, 11:30:22
1,nomask,01-02-2023, 11:30:23
1,nomask,01-02-2023, 11:30:23
(no,detections),01-02-2023, 11:30:24
(no,detections),01-02-2023, 11:30:24
(no,detections),01-02-2023, 11:30:24
(no,detections),01-02-2023, 11:30:25
(no,detections),01-02-2023, 11:30:25
(no,detections),01-02-2023, 11:30:25
(no,detections),01-02-2023, 11:30:26
1,nomask,01-02-2023, 11:30:26
1,nomask,01-02-2023, 11:30:27
1,nomask,01-02-2023, 11:30:27
1,nomask,01-02-2023, 11:30:28
1,nomask,01-02-2023, 11:30:28
1,nomask,01-02-2023, 11:30:28
1,nomask,01-02-2023, 11:30:29
(no,detections),01-02-2023, 11:30:29
(no,detections),01-02-2023, 11:30:30
(no,detections),01-02-2023, 11:30:31
(no,detections),01-02-2023, 11:30:31
1,nomask,01-02-2023, 11:30:32
1,nomask,01-02-2023, 11:30:32
1,nomask,01-02-2023, 11:30:32
1,nomask,01-02-2023, 11:30:33
1,nomask,01-02-2023, 11:30:33
1,nomask,01-02-2023, 11:30:34
1,nomask,01-02-2023, 11:30:34
1,nomask,01-02-2023, 11:30:35
1,nomask,01-02-2023, 11:30:35
1,nomask,01-02-2023, 11:30:35
(no,detections),01-02-2023, 11:30:36
(no,detections),01-02-2023, 11:30:36
(no,detections),01-02-2023, 11:30:37
1,nomask,01-02-2023, 11:30:37
1,nomask,01-02-2023, 11:30:37
1,nomask,01-02-2023, 11:30:38
1,nomask,01-02-2023, 11:30:38
1,nomask,01-02-2023, 11:30:38
1,nomask,01-02-2023, 11:30:39
1,nomask,01-02-2023, 11:30:39
1,nomask,01-02-2023, 11:30:40
1,nomask,01-02-2023, 11:30:40
1,nomask,01-02-2023, 11:30:40
1,nomask,01-02-2023, 11:30:41
1,nomask,01-02-2023, 11:30:41
1,nomask,01-02-2023, 11:30:41
1,nomask,01-02-2023, 11:30:42
1,nomask,01-02-2023, 11:30:42
1,nomask,01-02-2023, 11:30:42
1,nomask,01-02-2023, 11:30:43
1,nomask,01-02-2023, 11:30:43
1,nomask,01-02-2023, 11:30:44
1,nomask,01-02-2023, 11:30:44
1,nomask,01-02-2023, 11:30:44
1,nomask,01-02-2023, 11:30:45
1,nomask,01-02-2023, 11:30:45
1,nomask,01-02-2023, 11:30:45
1,nomask,01-02-2023, 11:30:46
1,nomask,01-02-2023, 11:30:46
1,nomask,01-02-2023, 11:30:47
1,nomask,01-02-2023, 11:30:47
1,nomask,01-02-2023, 11:30:47
1,nomask,01-02-2023, 11:30:48
1,nomask,01-02-2023, 11:30:48
1,nomask,01-02-2023, 11:30:49
1,nomask,01-02-2023, 11:30:49
1,nomask,01-02-2023, 11:30:49
(no,detections),01-02-2023, 11:30:50
(no,detections),01-02-2023, 11:30:50
1,nomask,01-02-2023, 11:30:50
1,nomask,01-02-2023, 11:30:51
1,nomask,01-02-2023, 11:30:51
1,nomask,01-02-2023, 11:30:51
1,nomask,01-02-2023, 11:30:52
1,nomask,01-02-2023, 11:30:52
1,nomask,01-02-2023, 11:30:53
1,nomask,01-02-2023, 11:30:53
1,nomask,01-02-2023, 11:30:53
1,nomask,01-02-2023, 11:30:54
1,nomask,01-02-2023, 11:30:54
1,nomask,01-02-2023, 11:30:55
1,nomask,01-02-2023, 11:30:55
1,nomask,01-02-2023, 11:30:55
1,nomask,01-02-2023, 11:30:56
1,nomask,01-02-2023, 11:30:56
(no,detections),01-02-2023, 11:30:56
1,nomask,01-02-2023, 11:30:57
1,nomask,01-02-2023, 11:30:57
1,nomask,01-02-2023, 11:30:58
(no,detections),01-02-2023, 11:30:58
(no,detections),01-02-2023, 11:30:58
(no,detections),01-02-2023, 11:30:59
(no,detections),01-02-2023, 11:30:59
(no,detections),01-02-2023, 11:30:59
1,nomask,01-02-2023, 11:31:00
(no,detections),01-02-2023, 11:31:00
1,nomask,01-02-2023, 11:31:00
1,nomask,01-02-2023, 11:31:01
1,nomask,01-02-2023, 11:31:01
1,nomask,01-02-2023, 11:31:01
1,nomask,01-02-2023, 11:31:02
1,nomask,01-02-2023, 11:31:02
1,nomask,01-02-2023, 11:31:03
1,nomask,01-02-2023, 11:31:03
1,nomask,01-02-2023, 11:31:03
1,nomask,01-02-2023, 11:31:04
1,nomask,01-02-2023, 11:31:04
1,nomask,01-02-2023, 11:31:05
1,nomask,01-02-2023, 11:31:05
1,nomask,01-02-2023, 11:31:05
1,nomask,01-02-2023, 11:31:06
1,nomask,01-02-2023, 11:31:06
1,nomask,01-02-2023, 11:31:07
1,nomask,01-02-2023, 11:31:07
1,nomask,01-02-2023, 11:31:07
1,nomask,01-02-2023, 11:31:08
1,nomask,01-02-2023, 11:31:08
1,nomask,01-02-2023, 11:31:08
1,nomask,01-02-2023, 11:31:09
1,nomask,01-02-2023, 11:31:09
1,nomask,01-02-2023, 11:31:09
1,nomask,01-02-2023, 11:31:10
1,nomask,01-02-2023, 11:31:10
1,nomask,01-02-2023, 11:31:11
1,nomask,01-02-2023, 11:31:11
1,nomask,01-02-2023, 11:31:11
(no,detections),01-02-2023, 11:31:12
(no,detections),01-02-2023, 11:31:12
(no,detections),01-02-2023, 11:31:12
(no,detections),01-02-2023, 11:31:13
(no,detections),01-02-2023, 11:31:13
(no,detections),01-02-2023, 11:31:14
(no,detections),01-02-2023, 11:31:14
(no,detections),01-02-2023, 11:31:14
(no,detections),01-02-2023, 11:31:15
(no,detections),01-02-2023, 11:31:15
(no,detections),01-02-2023, 11:31:15
(no,detections),01-02-2023, 11:31:16
(no,detections),01-02-2023, 11:31:16
(no,detections),01-02-2023, 11:31:16
(no,detections),01-02-2023, 11:31:17
(no,detections),01-02-2023, 11:31:17
(no,detections),01-02-2023, 11:31:18
(no,detections),01-02-2023, 11:31:18
(no,detections),01-02-2023, 11:31:18
(no,detections),01-02-2023, 11:31:19
(no,detections),01-02-2023, 11:31:19
(no,detections),01-02-2023, 11:31:19
(no,detections),01-02-2023, 11:31:20
(no,detections),01-02-2023, 11:31:20
(no,detections),01-02-2023, 11:31:20
(no,detections),01-02-2023, 11:31:21
(no,detections),01-02-2023, 11:31:21
(no,detections),01-02-2023, 11:31:21
(no,detections),01-02-2023, 11:31:22
(no,detections),01-02-2023, 11:31:22
1,nomask,01-02-2023, 11:31:23
1,nomask,01-02-2023, 11:31:23
1,nomask,01-02-2023, 11:31:23
1,nomask,01-02-2023, 11:31:24
1,nomask,01-02-2023, 11:31:24
1,nomask,01-02-2023, 11:31:24
1,nomask,01-02-2023, 11:31:25
1,nomask,01-02-2023, 11:31:25
1,nomask,01-02-2023, 11:31:25
1,nomask,01-02-2023, 11:31:26
1,nomask,01-02-2023, 11:31:26
1,nomask,01-02-2023, 11:31:27
1,nomask,01-02-2023, 11:31:27
1,"mask,",1,nomask,01-02-2023, 11:31:28
1,"mask,",1,nomask,01-02-2023, 11:31:29
1,mask,01-02-2023, 11:31:29
1,mask,01-02-2023, 11:31:30
1,mask,01-02-2023, 11:31:30
1,mask,01-02-2023, 11:31:31
1,mask,01-02-2023, 11:31:31
1,mask,01-02-2023, 11:31:31
1,mask,01-02-2023, 11:31:32
1,mask,01-02-2023, 11:31:32
1,mask,01-02-2023, 11:31:32
1,mask,01-02-2023, 11:31:33
1,nomask,01-02-2023, 11:31:33
1,mask,01-02-2023, 11:31:34
1,mask,01-02-2023, 11:31:34
1,mask,01-02-2023, 11:31:35
1,mask,01-02-2023, 11:31:35
1,mask,01-02-2023, 11:31:36
1,mask,01-02-2023, 11:31:36
1,mask,01-02-2023, 11:31:36
1,mask,01-02-2023, 11:31:37
1,mask,01-02-2023, 11:31:37
1,mask,01-02-2023, 11:31:37
1,mask,01-02-2023, 11:31:38
1,mask,01-02-2023, 11:31:38
1,mask,01-02-2023, 11:31:38
1,mask,01-02-2023, 11:31:39
1,mask,01-02-2023, 11:31:39
1,mask,01-02-2023, 11:31:39
1,mask,01-02-2023, 11:31:40
1,mask,01-02-2023, 11:31:40
1,mask,01-02-2023, 11:31:41
1,mask,01-02-2023, 11:31:41
1,mask,01-02-2023, 11:31:41
1,mask,01-02-2023, 11:31:42
1,mask,01-02-2023, 11:31:42
1,mask,01-02-2023, 11:31:42
1,mask,01-02-2023, 11:31:43
1,mask,01-02-2023, 11:31:43
1,mask,01-02-2023, 11:31:44
1,mask,01-02-2023, 11:31:44
1,mask,01-02-2023, 11:31:45
1,mask,01-02-2023, 11:31:45
1,mask,01-02-2023, 11:31:45
1,mask,01-02-2023, 11:31:46
1,mask,01-02-2023, 11:31:46
1,mask,01-02-2023, 11:31:47
1,mask,01-02-2023, 11:31:47
(no,detections),02-02-2023, 18:31:05
(no,detections),02-02-2023, 18:31:15
(no,detections),02-02-2023, 18:31:15
(no,detections),02-02-2023, 18:31:15
(no,detections),02-02-2023, 18:31:16
(no,detections),02-02-2023, 18:31:16
(no,detections),02-02-2023, 18:31:17
(no,detections),02-02-2023, 18:31:18
(no,detections),02-02-2023, 18:31:18
(no,detections),02-02-2023, 18:31:18
(no,detections),02-02-2023, 18:31:19
(no,detections),02-02-2023, 18:31:19
(no,detections),02-02-2023, 18:31:19
(no,detections),02-02-2023, 18:31:20
(no,detections),02-02-2023, 18:31:20
(no,detections),02-02-2023, 18:31:20
(no,detections),02-02-2023, 18:31:21
(no,detections),02-02-2023, 18:31:21
(no,detections),02-02-2023, 18:31:22
(no,detections),02-02-2023, 18:31:22
(no,detections),02-02-2023, 18:31:22
(no,detections),02-02-2023, 18:31:23
(no,detections),02-02-2023, 18:31:23
(no,detections),02-02-2023, 18:31:23
(no,detections),02-02-2023, 18:31:24
(no,detections),02-02-2023, 18:31:24
(no,detections),02-02-2023, 18:31:24
(no,detections),02-02-2023, 18:31:25
(no,detections),02-02-2023, 18:31:25
(no,detections),02-02-2023, 18:31:26
(no,detections),02-02-2023, 18:31:26
(no,detections),02-02-2023, 18:31:26
(no,detections),02-02-2023, 18:31:27
(no,detections),02-02-2023, 18:31:27
(no,detections),02-02-2023, 18:31:27
(no,detections),02-02-2023, 18:31:28
(no,detections),02-02-2023, 18:31:28
(no,detections),02-02-2023, 18:31:29
(no,detections),02-02-2023, 18:31:29
(no,detections),02-02-2023, 18:31:29
(no,detections),02-02-2023, 18:31:30
(no,detections),02-02-2023, 18:31:30
(no,detections),02-02-2023, 18:31:30
1,mask,02-02-2023, 18:31:31
(no,detections),02-02-2023, 18:31:31
1,mask,02-02-2023, 18:31:32
1,mask,02-02-2023, 18:31:32
1,mask,02-02-2023, 18:31:32
(no,detections),02-02-2023, 18:31:33
(no,detections),02-02-2023, 18:31:33
(no,detections),02-02-2023, 18:31:33
(no,detections),02-02-2023, 18:31:34
(no,detections),02-02-2023, 18:31:34
(no,detections),02-02-2023, 18:31:35
1,mask,02-02-2023, 18:31:35
(no,detections),02-02-2023, 18:31:35
(no,detections),02-02-2023, 18:31:36
(no,detections),02-02-2023, 18:31:36
(no,detections),02-02-2023, 18:31:36
(no,detections),02-02-2023, 18:31:37
(no,detections),02-02-2023, 18:31:37
(no,detections),02-02-2023, 18:31:38
(no,detections),02-02-2023, 18:31:38
(no,detections),02-02-2023, 18:31:38
(no,detections),02-02-2023, 18:31:39
(no,detections),02-02-2023, 18:31:39
(no,detections),02-02-2023, 18:31:39
(no,detections),02-02-2023, 18:31:40
(no,detections),02-02-2023, 18:31:40
(no,detections),02-02-2023, 18:31:40
(no,detections),02-02-2023, 18:31:41
(no,detections),02-02-2023, 18:31:41
(no,detections),02-02-2023, 18:31:42
(no,detections),02-02-2023, 18:31:42
(no,detections),02-02-2023, 18:31:42
(no,detections),02-02-2023, 18:31:43
(no,detections),02-02-2023, 18:31:43
(no,detections),02-02-2023, 18:31:43
(no,detections),02-02-2023, 18:31:44
(no,detections),02-02-2023, 18:31:44
(no,detections),02-02-2023, 18:31:45
(no,detections),02-02-2023, 18:31:45
1,mask,02-02-2023, 18:31:45
(no,detections),02-02-2023, 18:31:46
(no,detections),02-02-2023, 18:31:46
(no,detections),02-02-2023, 18:31:46
(no,detections),02-02-2023, 18:31:47
(no,detections),02-02-2023, 18:31:47
(no,detections),02-02-2023, 18:31:47
(no,detections),02-02-2023, 18:31:48
(no,detections),02-02-2023, 18:31:48
(no,detections),02-02-2023, 18:31:49
(no,detections),02-02-2023, 18:31:49
(no,detections),02-02-2023, 18:31:49
(no,detections),02-02-2023, 18:31:50
(no,detections),02-02-2023, 18:31:50
(no,detections),02-02-2023, 18:31:51
(no,detections),02-02-2023, 18:31:51
(no,detections),02-02-2023, 18:31:51
(no,detections),02-02-2023, 18:31:52
(no,detections),02-02-2023, 18:31:52
(no,detections),02-02-2023, 18:31:53
1,mask,02-02-2023, 18:31:53
1,mask,02-02-2023, 18:31:53
(no,detections),02-02-2023, 18:31:54
(no,detections),02-02-2023, 18:31:54
(no,detections),02-02-2023, 18:31:55
(no,detections),02-02-2023, 18:31:55
(no,detections),02-02-2023, 18:31:55
(no,detections),02-02-2023, 18:31:56
(no,detections),02-02-2023, 18:31:56
1,mask,02-02-2023, 18:31:57
(no,detections),02-02-2023, 18:31:57
(no,detections),02-02-2023, 18:31:57
(no,detections),02-02-2023, 18:31:58
(no,detections),02-02-2023, 18:31:58
1,mask,02-02-2023, 18:31:58
(no,detections),02-02-2023, 18:31:59
(no,detections),02-02-2023, 18:31:59
(no,detections),02-02-2023, 18:32:00
(no,detections),02-02-2023, 18:32:00
(no,detections),02-02-2023, 18:32:00
(no,detections),02-02-2023, 18:32:01
(no,detections),02-02-2023, 18:32:01
(no,detections),02-02-2023, 18:32:02
(no,detections),02-02-2023, 18:32:02
(no,detections),02-02-2023, 18:32:02
(no,detections),02-02-2023, 18:32:03
(no,detections),02-02-2023, 18:32:03
(no,detections),02-02-2023, 18:32:04
(no,detections),02-02-2023, 18:32:04
(no,detections),02-02-2023, 18:32:05
1,mask,02-02-2023, 18:32:05
(no,detections),02-02-2023, 18:32:06
(no,detections),02-02-2023, 18:32:06
(no,detections),02-02-2023, 18:32:07
(no,detections),02-02-2023, 18:32:07
(no,detections),02-02-2023, 18:32:08
(no,detections),02-02-2023, 18:32:08
(no,detections),02-02-2023, 18:32:09
(no,detections),02-02-2023, 18:32:09
(no,detections),02-02-2023, 18:32:09
(no,detections),02-02-2023, 18:32:10
(no,detections),02-02-2023, 18:32:11
1,mask,02-02-2023, 18:32:11
(no,detections),02-02-2023, 18:33:23
1,mask,02-02-2023, 18:33:23
1,mask,02-02-2023, 18:33:24
1,mask,02-02-2023, 18:33:24
1,mask,02-02-2023, 18:33:24
(no,detections),02-02-2023, 18:33:25
1,mask,02-02-2023, 18:33:25
1,mask,02-02-2023, 18:33:26
1,mask,02-02-2023, 18:33:26
(no,detections),02-02-2023, 18:33:27
(no,detections),02-02-2023, 18:33:27
1,mask,02-02-2023, 18:33:28
(no,detections),02-02-2023, 18:33:28
(no,detections),02-02-2023, 18:33:28
1,mask,02-02-2023, 18:33:29
(no,detections),02-02-2023, 18:33:29
(no,detections),02-02-2023, 18:33:30
(no,detections),02-02-2023, 18:33:30
(no,detections),02-02-2023, 18:33:30
(no,detections),02-02-2023, 18:33:31
(no,detections),02-02-2023, 18:33:31
(no,detections),02-02-2023, 18:33:31
(no,detections),02-02-2023, 18:33:32
1,mask,02-02-2023, 18:33:32
(no,detections),02-02-2023, 18:33:33
(no,detections),02-02-2023, 18:33:33
(no,detections),02-02-2023, 18:33:33
(no,detections),02-02-2023, 18:33:34
(no,detections),02-02-2023, 18:33:34
1,mask,02-02-2023, 18:33:34
(no,detections),02-02-2023, 18:33:35
1,mask,02-02-2023, 18:33:35
1,mask,02-02-2023, 18:33:35
1,mask,02-02-2023, 18:33:36
(no,detections),02-02-2023, 18:33:36
(no,detections),02-02-2023, 18:33:37
(no,detections),02-02-2023, 18:33:37
(no,detections),02-02-2023, 18:33:37
(no,detections),02-02-2023, 18:33:38
(no,detections),02-02-2023, 18:33:38
(no,detections),02-02-2023, 18:33:38
(no,detections),02-02-2023, 18:33:39
(no,detections),02-02-2023, 18:33:39
(no,detections),02-02-2023, 18:33:40
(no,detections),02-02-2023, 18:33:40
(no,detections),02-02-2023, 18:33:40
1,mask,02-02-2023, 18:33:41
(no,detections),02-02-2023, 18:33:41
1,mask,02-02-2023, 18:33:41
(no,detections),02-02-2023, 18:33:42
(no,detections),02-02-2023, 18:33:42
(no,detections),02-02-2023, 18:33:42
(no,detections),02-02-2023, 18:33:43
(no,detections),02-02-2023, 18:33:43
(no,detections),02-02-2023, 18:33:44
(no,detections),02-02-2023, 18:33:44
(no,detections),02-02-2023, 18:33:44
(no,detections),02-02-2023, 18:33:45
(no,detections),02-02-2023, 18:33:45
(no,detections),02-02-2023, 18:33:45
(no,detections),02-02-2023, 18:33:46
(no,detections),02-02-2023, 18:33:46
(no,detections),02-02-2023, 18:33:46
(no,detections),02-02-2023, 18:33:47
(no,detections),02-02-2023, 18:33:47
(no,detections),02-02-2023, 18:33:48
(no,detections),02-02-2023, 18:33:48
(no,detections),02-02-2023, 18:33:48
(no,detections),02-02-2023, 18:33:49
(no,detections),02-02-2023, 18:33:49
1,mask,02-02-2023, 18:33:49
1,mask,02-02-2023, 18:33:50
1,mask,02-02-2023, 18:33:50
(no,detections),02-02-2023, 18:33:51
(no,detections),02-02-2023, 18:33:51
(no,detections),02-02-2023, 18:33:51
(no,detections),02-02-2023, 18:33:52
(no,detections),02-02-2023, 18:33:52
(no,detections),02-02-2023, 18:33:52
(no,detections),02-02-2023, 18:33:53
(no,detections),02-02-2023, 18:33:53
(no,detections),02-02-2023, 18:33:53
(no,detections),02-02-2023, 18:33:54
(no,detections),02-02-2023, 18:33:54
(no,detections),02-02-2023, 18:33:55
(no,detections),02-02-2023, 18:33:55
(no,detections),02-02-2023, 18:33:55
(no,detections),02-02-2023, 18:33:56
(no,detections),02-02-2023, 18:33:56
(no,detections),02-02-2023, 18:33:57
(no,detections),02-02-2023, 18:33:57
(no,detections),02-02-2023, 18:33:57
(no,detections),02-02-2023, 18:33:58
(no,detections),02-02-2023, 18:33:58
(no,detections),02-02-2023, 18:33:58
(no,detections),02-02-2023, 18:33:59
(no,detections),02-02-2023, 18:33:59
(no,detections),02-02-2023, 18:34:00
(no,detections),02-02-2023, 18:34:00
(no,detections),02-02-2023, 18:34:00
(no,detections),02-02-2023, 18:34:01
(no,detections),02-02-2023, 18:34:01
(no,detections),02-02-2023, 18:34:01
(no,detections),02-02-2023, 18:34:02
(no,detections),02-02-2023, 18:34:02
(no,detections),02-02-2023, 18:34:02
(no,detections),02-02-2023, 18:34:03
(no,detections),02-02-2023, 18:34:03
(no,detections),02-02-2023, 18:34:04
(no,detections),02-02-2023, 18:34:04
(no,detections),02-02-2023, 18:34:05
(no,detections),02-02-2023, 18:34:05
1,mask,02-02-2023, 18:34:05
(no,detections),02-02-2023, 18:34:06
(no,detections),02-02-2023, 18:34:06
(no,detections),02-02-2023, 18:34:06
(no,detections),02-02-2023, 18:34:07
(no,detections),02-02-2023, 18:34:07
(no,detections),02-02-2023, 18:34:08
(no,detections),02-02-2023, 18:34:08
(no,detections),02-02-2023, 18:34:08
(no,detections),02-02-2023, 18:34:09
(no,detections),02-02-2023, 18:34:09
(no,detections),02-02-2023, 18:34:09
(no,detections),02-02-2023, 18:34:10
(no,detections),02-02-2023, 18:34:10
(no,detections),02-02-2023, 18:34:11
(no,detections),02-02-2023, 18:34:11
(no,detections),02-02-2023, 18:34:11
(no,detections),02-02-2023, 18:34:12
(no,detections),02-02-2023, 18:34:12
(no,detections),02-02-2023, 18:34:12
(no,detections),02-02-2023, 18:34:13
(no,detections),02-02-2023, 18:34:13
(no,detections),02-02-2023, 18:34:14
(no,detections),02-02-2023, 18:34:14
(no,detections),02-02-2023, 18:34:14
(no,detections),02-02-2023, 18:34:15
(no,detections),02-02-2023, 18:34:15
(no,detections),02-02-2023, 18:34:15
(no,detections),02-02-2023, 18:34:16
(no,detections),02-02-2023, 18:34:16
(no,detections),02-02-2023, 18:34:16
(no,detections),02-02-2023, 18:34:17
(no,detections),02-02-2023, 18:34:17
(no,detections),02-02-2023, 18:34:18
(no,detections),02-02-2023, 18:34:18
(no,detections),02-02-2023, 18:34:18
(no,detections),02-02-2023, 18:34:19
(no,detections),02-02-2023, 18:34:19
(no,detections),02-02-2023, 18:34:19
(no,detections),02-02-2023, 18:34:20
(no,detections),02-02-2023, 18:34:20
(no,detections),02-02-2023, 18:34:21
(no,detections),02-02-2023, 18:34:21
(no,detections),02-02-2023, 18:34:21
(no,detections),02-02-2023, 18:34:22
(no,detections),02-02-2023, 18:34:22
(no,detections),02-02-2023, 18:34:22
(no,detections),02-02-2023, 18:34:23
(no,detections),02-02-2023, 18:34:23
(no,detections),02-02-2023, 18:34:24
(no,detections),02-02-2023, 18:34:24
(no,detections),02-02-2023, 18:34:24
(no,detections),02-02-2023, 18:34:25
(no,detections),02-02-2023, 18:34:25
(no,detections),02-02-2023, 18:34:25
(no,detections),02-02-2023, 18:34:26
(no,detections),02-02-2023, 18:34:26
(no,detections),02-02-2023, 18:34:27
(no,detections),02-02-2023, 18:34:27
(no,detections),02-02-2023, 18:34:27
(no,detections),02-02-2023, 18:34:28
(no,detections),02-02-2023, 18:34:28
(no,detections),02-02-2023, 18:34:28
(no,detections),02-02-2023, 18:34:29
(no,detections),02-02-2023, 18:34:29
(no,detections),02-02-2023, 18:34:30
(no,detections),02-02-2023, 18:34:30
(no,detections),02-02-2023, 18:34:30
(no,detections),02-02-2023, 18:34:31
(no,detections),02-02-2023, 18:34:31
(no,detections),02-02-2023, 18:34:31
(no,detections),02-02-2023, 18:34:32
(no,detections),02-02-2023, 18:34:32
(no,detections),02-02-2023, 18:34:32
(no,detections),02-02-2023, 18:34:33
(no,detections),02-02-2023, 18:34:33
(no,detections),02-02-2023, 18:34:34
(no,detections),02-02-2023, 18:34:34
1,mask,02-02-2023, 18:34:34
1,mask,02-02-2023, 18:34:35
1,mask,02-02-2023, 18:34:35
1,mask,02-02-2023, 18:34:36
1,mask,02-02-2023, 18:34:36
1,mask,02-02-2023, 18:34:36
1,mask,02-02-2023, 18:34:37
1,mask,02-02-2023, 18:34:37
1,mask,02-02-2023, 18:34:37
1,mask,02-02-2023, 18:34:38
(no,detections),02-02-2023, 18:34:38
1,mask,02-02-2023, 18:34:39
1,mask,02-02-2023, 18:34:39
1,mask,02-02-2023, 18:34:39
1,mask,02-02-2023, 18:34:40
1,mask,02-02-2023, 18:34:40
1,mask,02-02-2023, 18:34:40
1,mask,02-02-2023, 18:34:41
(no,detections),02-02-2023, 18:34:41
(no,detections),02-02-2023, 18:34:42
(no,detections),02-02-2023, 18:34:42
(no,detections),02-02-2023, 18:34:42
(no,detections),02-02-2023, 18:34:43
(no,detections),02-02-2023, 18:34:43
(no,detections),02-02-2023, 18:34:43
1,mask,02-02-2023, 18:34:44
1,mask,02-02-2023, 18:34:44
1,mask,02-02-2023, 18:34:45
1,mask,02-02-2023, 18:34:45
1,mask,02-02-2023, 18:34:45
1,mask,02-02-2023, 18:34:46
1,mask,02-02-2023, 18:34:46
1,mask,02-02-2023, 18:34:46
1,mask,02-02-2023, 18:34:47
1,mask,02-02-2023, 18:34:47
1,mask,02-02-2023, 18:34:48
1,mask,02-02-2023, 18:34:48
(no,detections),02-02-2023, 18:34:48
1,mask,02-02-2023, 18:34:49
1,mask,02-02-2023, 18:34:49
1,mask,02-02-2023, 18:34:49
1,mask,02-02-2023, 18:34:50
(no,detections),02-02-2023, 18:34:50
1,mask,02-02-2023, 18:34:51
1,mask,02-02-2023, 18:34:51
1,mask,02-02-2023, 18:34:51
(no,detections),02-02-2023, 18:34:52
1,mask,02-02-2023, 18:34:52
1,mask,02-02-2023, 18:34:52
1,mask,02-02-2023, 18:34:53
(no,detections),02-02-2023, 18:34:53
1,mask,02-02-2023, 18:34:54
(no,detections),02-02-2023, 18:34:54
1,mask,02-02-2023, 18:34:54
1,mask,02-02-2023, 18:34:55
1,mask,02-02-2023, 18:34:55
1,mask,02-02-2023, 18:34:55
1,mask,02-02-2023, 18:34:56
1,mask,02-02-2023, 18:34:56
1,mask,02-02-2023, 18:34:57
1,mask,02-02-2023, 18:34:57
1,mask,02-02-2023, 18:34:58
1,mask,02-02-2023, 18:34:58
(no,detections),02-02-2023, 18:34:59
1,mask,02-02-2023, 18:34:59
1,mask,02-02-2023, 18:34:59
(no,detections),02-02-2023, 18:35:00
(no,detections),02-02-2023, 18:35:00
(no,detections),02-02-2023, 18:35:00
(no,detections),02-02-2023, 18:35:01
1,mask,02-02-2023, 18:35:01
1,mask,02-02-2023, 18:35:02
(no,detections),02-02-2023, 18:35:02
1,mask,02-02-2023, 18:35:02
1,mask,02-02-2023, 18:35:03
1,mask,02-02-2023, 18:35:03
1,mask,02-02-2023, 18:35:04
1,mask,02-02-2023, 18:35:04
(no,detections),02-02-2023, 18:35:04
1,mask,02-02-2023, 18:35:05
1,mask,02-02-2023, 18:35:05
1,mask,02-02-2023, 18:35:05
1,mask,02-02-2023, 18:35:06
1,mask,02-02-2023, 18:35:06
1,mask,02-02-2023, 18:35:07
1,mask,02-02-2023, 18:35:07
1,mask,02-02-2023, 18:35:07
1,mask,02-02-2023, 18:35:08
1,mask,02-02-2023, 18:35:08
1,mask,02-02-2023, 18:35:08
1,mask,02-02-2023, 18:35:09
1,mask,02-02-2023, 18:35:09
1,mask,02-02-2023, 18:35:10
1,mask,02-02-2023, 18:35:10
1,mask,02-02-2023, 18:35:10
1,mask,02-02-2023, 18:35:11
(no,detections),02-02-2023, 18:35:11
1,mask,02-02-2023, 18:35:12
1,mask,02-02-2023, 18:35:12
1,mask,02-02-2023, 18:35:12
1,mask,02-02-2023, 18:35:13
1,mask,02-02-2023, 18:35:13
1,mask,02-02-2023, 18:35:13
(no,detections),02-02-2023, 18:35:14
1,mask,02-02-2023, 18:35:14
1,mask,02-02-2023, 18:35:15
(no,detections),02-02-2023, 18:35:15
1,mask,02-02-2023, 18:35:15
1,mask,02-02-2023, 18:35:16
1,mask,02-02-2023, 18:35:16
1,mask,02-02-2023, 18:35:17
1,mask,02-02-2023, 18:35:17
1,mask,02-02-2023, 18:35:17
1,mask,02-02-2023, 18:35:18
1,mask,02-02-2023, 18:35:18
1,mask,02-02-2023, 18:35:19
1,mask,02-02-2023, 18:35:19
(no,detections),02-02-2023, 18:35:19
(no,detections),02-02-2023, 18:35:20
(no,detections),02-02-2023, 18:35:20
(no,detections),02-02-2023, 18:35:20
(no,detections),02-02-2023, 18:35:21
(no,detections),02-02-2023, 18:35:21
(no,detections),02-02-2023, 18:35:22
(no,detections),02-02-2023, 18:35:22
1,mask,02-02-2023, 18:35:22
1,mask,02-02-2023, 18:35:23
1,mask,02-02-2023, 18:35:23
1,mask,02-02-2023, 18:35:24
1,mask,02-02-2023, 18:35:24
1,mask,02-02-2023, 18:35:25
1,mask,02-02-2023, 18:35:25
1,mask,02-02-2023, 18:35:25
1,mask,02-02-2023, 18:35:26
1,mask,02-02-2023, 18:35:26
1,mask,02-02-2023, 18:35:27
1,mask,02-02-2023, 18:35:27
(no,detections),02-02-2023, 18:35:27
(no,detections),02-02-2023, 18:35:28
(no,detections),02-02-2023, 18:35:28
(no,detections),02-02-2023, 18:35:29
(no,detections),02-02-2023, 18:35:29
(no,detections),02-02-2023, 18:35:29
(no,detections),02-02-2023, 18:35:30
(no,detections),02-02-2023, 18:35:30
(no,detections),02-02-2023, 18:35:31
1,mask,02-02-2023, 18:35:31
(no,detections),02-02-2023, 18:35:31
(no,detections),02-02-2023, 18:35:32
(no,detections),02-02-2023, 18:35:32
(no,detections),02-02-2023, 18:35:33
1,mask,02-02-2023, 18:35:33
1,mask,02-02-2023, 18:35:34
1,mask,02-02-2023, 18:35:34
1,mask,02-02-2023, 18:35:34
1,mask,02-02-2023, 18:35:35
1,mask,02-02-2023, 18:35:35
1,mask,02-02-2023, 18:35:36
1,mask,02-02-2023, 18:35:36
1,mask,02-02-2023, 18:35:37
